Report Date,00:00,00:15,00:30,00:45,01:00,01:15,01:30,01:45,02:00,02:15,02:30,02:45,03:00,03:15,03:30,03:45,04:00,04:15,04:30,04:45,05:00,05:15,05:30,05:45,06:00,06:15,06:30,06:45,07:00,07:15,07:30,07:45,08:00,08:15,08:30,08:45,09:00,09:15,09:30,09:45,10:00,10:15,10:30,10:45,11:00,11:15,11:30,11:45,12:00,12:15,12:30,12:45,13:00,13:15,13:30,13:45,14:00,14:15,14:30,14:45,15:00,15:15,15:30,15:45,16:00,16:15,16:30,16:45,17:00,17:15,17:30,17:45,18:00,18:15,18:30,18:45,19:00,19:15,19:30,19:45,20:00,20:15,20:30,20:45,21:00,21:15,21:30,21:45,22:00,22:15,22:30,22:45,23:00,23:15,23:30,23:45,Total
Wed 01 Jan 2020,50,82,85,114,118,125,122,93,90,87,79,69,89,75,73,56,47,42,59,54,65,50,55,69,80,80,99,95,82,76,70,71,67,79,92,83,70,102,108,114,132,166,178,175,214,251,269,299,303,299,350,296,329,364,368,328,339,370,368,377,302,374,318,366,356,346,364,313,312,343,296,341,286,308,278,272,262,236,261,221,204,197,170,170,152,144,156,147,133,133,103,95,96,67,79,60,17252
Thu 02 Jan 2020,72,61,49,29,30,40,24,23,32,27,23,23,19,17,31,39,31,49,68,76,80,133,233,253,359,437,713,835,862,983,1070,996,892,841,793,609,501,573,541,485,459,467,512,496,532,545,543,506,522,508,578,554,526,531,602,559,589,576,534,559,557,581,564,518,568,628,619,545,575,644,617,520,538,514,394,331,300,280,240,219,237,236,198,166,168,147,173,159,189,171,120,91,99,81,118,65,35820
Fri 03 Jan 2020,86,72,47,46,30,50,49,31,21,33,39,30,15,31,34,48,58,60,86,68,87,160,250,287,361,446,743,770,853,931,1072,934,894,859,871,701,534,576,556,559,455,492,576,531,502,541,530,577,542,563,592,606,577,587,626,657,615,598,610,630,605,647,638,592,657,726,636,615,598,610,581,530,526,468,430,395,393,326,269,258,308,254,220,167,175,171,181,189,219,144,137,120,109,129,102,82,37992
Sat 04 Jan 2020,102,86,73,68,68,54,45,48,36,43,33,40,28,42,37,37,44,60,56,43,72,91,131,121,192,161,222,216,213,271,283,271,259,261,328,398,316,366,398,410,392,462,493,461,507,548,598,597,525,593,611,599,542,573,625,587,530,550,572,492,468,501,514,462,462,505,487,460,462,424,411,438,407,368,362,354,312,309,274,220,238,235,204,183,153,142,166,173,168,162,134,122,126,129,101,123,27639
Sun 05 Jan 2020,79,91,88,82,53,49,37,48,42,36,34,28,35,17,34,33,35,37,29,36,40,54,64,78,98,100,157,152,145,142,201,139,124,150,159,197,216,216,259,303,342,384,441,439,471,525,522,471,507,596,570,539,524,474,593,483,493,492,557,509,434,513,465,485,473,454,486,463,428,438,423,393,429,393,357,346,326,274,260,244,253,220,232,184,166,184,162,154,133,146,88,95,96,86,74,55,24261
Mon 06 Jan 2020,64,47,44,40,41,23,32,30,33,23,29,32,19,27,28,42,43,51,77,99,132,181,303,363,424,640,1109,1298,1116,1274,1267,1145,1084,1111,1052,1166,840,746,682,615,554,552,534,551,501,538,534,523,515,485,563,497,556,522,506,527,571,511,562,564,515,581,599,656,639,741,659,663,659,678,626,594,628,616,488,448,389,330,264,235,262,219,172,146,163,160,141,141,225,161,126,85,80,76,68,60,41331
Tue 07 Jan 2020,54,50,48,41,23,32,39,35,45,64,51,41,31,37,47,47,51,47,78,97,111,175,298,363,455,666,1082,1284,1311,1250,1163,1164,1181,1068,1035,924,953,840,842,709,598,570,629,544,545,555,517,520,495,536,563,616,525,581,516,569,624,599,623,538,600,577,602,635,657,702,731,689,690,718,659,608,632,598,555,424,412,394,281,285,293,212,161,170,138,203,141,179,232,153,125,88,89,72,68,71,42939
Wed 08 Jan 2020,81,59,57,45,37,40,32,32,46,29,34,33,22,24,38,50,56,74,101,78,98,188,286,364,435,670,1055,1261,1318,1135,1238,1034,1062,1043,1080,1247,970,837,807,653,640,598,604,543,573,573,529,584,534,573,578,564,534,538,624,595,569,601,642,552,598,637,637,641,698,723,691,706,700,700,632,627,623,639,498,457,459,364,299,339,280,233,188,215,173,206,181,182,207,141,131,119,82,98,63,64,43528
Thu 09 Jan 2020,73,61,52,48,41,34,24,35,32,29,33,35,25,35,37,50,42,57,89,91,123,185,271,383,442,648,1050,1247,1228,1132,1110,1127,1066,972,1052,1147,994,966,952,704,631,605,587,552,497,496,561,542,533,545,537,665,604,591,600,561,625,607,634,613,551,631,592,621,670,717,717,677,632,715,686,587,534,650,607,497,445,353,301,269,317,280,233,200,213,185,205,208,210,168,140,98,85,87,96,64,43549
Fri 10 Jan 2020,64,54,44,40,50,28,33,36,32,34,27,33,26,31,51,43,61,55,88,92,108,180,311,382,432,613,999,1134,1294,1294,1191,1210,1121,1174,900,839,782,839,779,648,556,603,619,570,557,561,574,596,638,575,665,619,601,653,602,680,705,658,674,663,668,761,698,690,696,793,688,735,708,716,668,650,653,589,524,506,427,385,334,287,352,283,242,250,198,209,203,234,192,140,124,128,111,132,105,86,44686
Sat 11 Jan 2020,88,92,70,47,46,47,32,45,49,33,32,23,35,48,43,50,43,52,56,59,64,89,161,190,165,149,241,261,247,262,316,317,276,362,424,461,388,407,465,514,472,533,555,611,684,720,780,811,844,935,967,960,1001,927,786,807,764,615,505,534,559,548,523,497,426,460,476,469,454,424,422,455,432,409,408,378,297,331,321,273,248,203,236,200,157,163,176,168,143,139,157,138,145,113,135,127,32770
Sun 12 Jan 2020,98,103,94,89,76,60,57,55,40,44,43,45,39,48,29,38,41,42,32,31,36,41,72,79,102,122,166,162,154,115,146,153,131,159,201,252,279,317,360,365,341,407,485,527,512,567,604,627,637,636,647,618,733,682,673,603,547,526,461,432,415,407,477,428,496,484,490,425,423,460,428,422,405,390,383,345,303,389,280,264,274,251,202,224,218,195,168,143,135,133,101,86,95,102,87,69,26378
Mon 13 Jan 2020,71,69,49,41,26,28,22,22,19,24,22,34,26,26,35,46,40,59,84,96,96,185,314,362,386,646,1044,1270,1105,1159,1038,1086,1113,1110,1029,1143,931,946,831,736,473,430,591,544,575,554,634,567,556,575,556,538,593,589,590,651,748,793,698,612,517,643,610,669,680,738,707,667,665,694,704,643,634,668,565,476,429,375,284,289,283,231,246,186,171,178,180,170,203,151,118,91,75,82,79,41,43378
Tue 14 Jan 2020,62,46,49,30,33,37,32,31,40,36,37,31,23,25,39,45,54,50,79,79,117,174,316,200,506,801,1094,1268,1241,1192,1156,1130,1167,1049,1087,1215,1057,992,808,745,609,548,564,546,508,567,608,530,452,547,597,530,558,541,573,595,606,601,608,592,627,660,682,714,665,752,711,723,692,698,688,611,604,616,500,486,431,390,306,258,319,277,235,183,190,196,167,173,229,155,112,108,99,77,73,59,43919
Wed 15 Jan 2020,65,69,54,47,37,35,25,37,38,26,35,31,32,30,50,52,49,63,92,92,104,182,301,416,467,662,1096,1276,1266,1259,1164,1134,1153,1037,1093,1164,874,817,799,761,583,601,588,549,687,813,817,621,559,522,534,575,581,585,583,595,563,629,579,633,623,671,713,727,751,787,733,735,709,640,643,633,665,678,564,493,460,397,334,328,317,270,244,224,232,219,182,184,219,173,124,97,112,119,70,59,45310
Thu 16 Jan 2020,58,57,44,41,45,39,41,43,22,42,31,35,19,32,44,50,51,73,97,103,107,170,315,425,416,677,1069,1299,1310,1266,1125,1184,1136,1094,1023,1105,1052,880,862,744,584,637,616,557,531,570,624,559,597,611,570,547,605,573,593,597,611,644,635,624,584,635,669,663,660,795,729,729,692,682,692,647,651,650,607,496,470,403,311,315,338,276,226,188,221,193,165,215,192,149,143,107,104,93,97,71,44969
Fri 17 Jan 2020,67,63,47,39,44,45,38,43,25,28,22,38,33,36,43,48,38,66,88,101,113,173,332,447,372,611,1022,1182,1276,1248,1098,857,912,801,841,812,934,948,778,720,697,709,560,589,542,570,637,625,592,602,631,607,597,605,666,643,649,689,772,688,682,753,709,677,743,804,703,663,679,644,641,694,602,638,527,502,474,416,355,348,343,297,244,223,199,165,195,218,184,150,158,131,108,120,135,113,44336
Sat 18 Jan 2020,83,97,69,73,66,50,55,56,53,45,38,41,32,32,41,48,57,65,67,70,61,88,124,207,155,185,239,270,262,284,310,311,290,362,389,429,421,448,529,460,462,529,551,535,533,591,656,636,704,646,664,658,654,575,626,597,640,590,588,546,534,551,518,493,504,491,517,449,445,485,492,492,437,479,429,376,360,365,325,285,299,254,226,184,202,192,174,178,163,178,146,168,140,146,119,130,30869
Sun 19 Jan 2020,116,119,109,84,91,71,69,65,54,45,49,37,48,44,32,39,36,35,37,41,44,53,67,78,107,124,140,178,132,125,161,151,141,151,220,226,271,321,347,383,368,475,481,491,473,518,520,568,555,589,626,557,547,542,554,534,458,542,505,544,497,511,454,515,457,473,474,468,424,414,474,429,430,413,406,396,423,330,296,301,290,262,237,189,186,162,146,144,145,149,95,104,90,90,58,68,26088
Mon 20 Jan 2020,65,65,48,44,30,22,30,31,25,25,24,26,22,21,27,52,41,65,81,102,128,177,291,355,404,646,1041,1239,1282,1071,1147,1109,1059,1021,1115,1108,905,911,806,666,611,589,568,550,591,564,583,544,531,490,556,528,537,573,573,600,569,615,594,576,591,642,586,664,689,729,687,655,661,739,649,477,838,610,537,459,425,378,288,273,290,252,187,158,177,168,189,168,214,139,114,97,105,114,104,99,42821
Tue 21 Jan 2020,70,52,40,42,41,32,28,25,38,25,34,34,23,24,35,46,58,52,78,96,118,181,320,390,460,639,1048,1319,1283,1204,1088,1180,1215,1112,1204,1119,988,813,979,784,648,647,569,581,524,538,521,537,491,564,576,528,567,568,609,567,625,609,623,648,670,743,715,752,765,790,744,749,721,744,725,656,652,698,595,493,407,379,308,290,343,237,205,198,175,191,184,165,230,170,128,110,101,113,57,72,45132
Wed 22 Jan 2020,67,43,51,40,40,21,25,27,29,46,39,34,42,23,34,37,43,59,86,96,128,170,285,381,439,635,1108,1283,1178,1126,1165,1103,1113,1033,981,1024,1161,745,714,817,626,560,577,551,571,619,605,571,593,569,563,595,589,564,582,602,635,626,613,557,728,674,722,754,741,824,767,729,739,674,741,693,551,635,523,541,538,421,370,335,336,264,250,194,218,218,187,175,217,176,122,110,107,103,82,66,44764
Thu 23 Jan 2020,72,52,45,40,41,33,40,24,33,26,33,40,22,34,32,49,56,73,104,88,120,189,343,398,450,694,1052,1252,1232,1206,1099,1128,1200,1071,1033,1144,959,827,801,763,627,614,627,554,510,538,537,540,565,617,616,578,616,600,568,597,668,596,602,616,613,650,668,815,728,811,665,736,693,764,655,631,603,685,641,517,488,398,331,305,364,293,248,224,202,205,205,225,213,180,131,136,97,105,90,85,45084
Fri 24 Jan 2020,63,62,49,43,52,48,46,37,43,27,35,32,27,33,44,41,57,54,90,91,106,189,341,398,416,659,1082,1222,1170,1210,1168,1176,1054,1234,1005,739,792,756,791,733,641,541,592,622,568,622,644,703,653,705,650,696,688,702,677,715,714,643,695,683,668,820,746,794,844,994,836,821,733,807,698,768,733,709,625,559,456,465,386,326,370,339,263,277,238,253,217,268,261,209,172,163,119,137,129,99,47671
Sat 25 Jan 2020,96,86,94,87,72,60,48,63,46,49,49,37,44,44,57,44,59,53,67,65,63,99,150,193,168,186,262,256,264,270,279,335,306,362,465,455,427,459,556,509,477,561,566,541,550,644,665,698,669,682,692,656,619,634,615,643,654,623,593,570,583,571,579,558,494,519,509,528,496,433,465,517,467,452,445,443,393,356,278,295,313,256,201,215,208,215,193,180,170,192,169,157,151,167,140,134,32078
Sun 26 Jan 2020,137,120,105,102,103,90,82,61,50,54,57,54,40,44,49,48,40,47,41,50,42,44,81,88,80,125,154,150,163,126,165,152,129,157,226,286,296,301,387,394,410,460,505,601,534,541,554,556,574,576,587,426,701,560,528,551,504,475,497,476,447,465,474,419,420,466,507,492,471,457,470,401,407,400,414,384,341,327,293,258,311,325,304,207,194,198,188,157,158,162,113,108,99,85,74,77,26609
Mon 27 Jan 2020,61,61,41,36,47,35,20,19,32,19,24,31,21,29,27,41,42,62,87,100,97,170,320,332,395,670,1097,1152,1223,1250,1057,1100,1127,1068,979,905,988,983,961,947,750,640,613,560,511,596,519,528,555,568,579,545,560,582,614,585,593,605,615,567,648,662,672,668,716,744,695,670,681,738,696,659,667,667,542,494,381,359,269,267,280,234,244,186,188,178,181,152,225,144,133,83,73,102,65,61,43765
Tue 28 Jan 2020,84,43,39,36,38,27,27,23,31,36,24,36,29,29,33,53,51,57,79,95,117,177,323,408,450,681,1083,1271,1293,1169,1189,1154,1074,1097,1060,1026,1018,955,821,714,618,597,591,555,531,509,544,567,529,568,569,530,517,584,618,564,626,557,632,682,624,641,671,664,740,816,821,812,751,724,736,716,698,666,687,725,433,368,283,270,312,265,222,206,190,196,187,187,210,181,135,127,103,94,81,87,45067
Wed 29 Jan 2020,72,62,45,41,38,37,37,25,25,27,38,43,32,30,45,52,41,59,90,86,112,188,318,373,479,688,1087,1217,1067,1122,1191,1106,1033,1136,1113,1150,902,977,787,745,703,645,583,537,547,597,591,541,542,606,601,569,562,600,573,601,592,674,611,667,585,637,693,660,746,821,727,677,688,716,712,675,691,646,577,526,485,404,355,330,315,298,204,192,189,159,162,141,181,164,112,88,89,89,59,66,44517
Thu 30 Jan 2020,62,45,40,42,25,21,19,24,30,21,25,32,28,23,31,48,64,72,82,105,135,192,315,396,436,694,1103,1264,1265,1152,1189,1242,1213,1192,1147,997,767,832,798,768,1009,722,601,629,620,605,593,643,585,582,602,592,578,633,624,615,622,679,667,634,600,745,688,740,754,794,792,730,724,755,723,711,686,641,561,508,475,435,342,328,348,291,218,212,219,237,191,171,207,167,132,105,114,98,102,73,46388
Fri 31 Jan 2020,89,68,51,57,37,40,48,36,38,30,29,37,31,34,46,37,45,74,85,104,131,185,338,382,419,625,1038,1167,1254,1270,1143,1154,1219,1155,930,762,788,809,742,687,601,590,650,598,566,615,631,598,557,655,623,639,645,644,640,688,714,767,765,705,655,807,755,774,826,797,785,691,688,728,713,684,747,617,611,537,487,453,410,370,354,316,259,251,254,213,210,207,244,234,160,157,136,139,137,122,46633
Sat 01 Feb 2020,115,110,112,92,70,70,64,62,60,51,50,46,53,38,46,46,61,58,55,63,77,108,131,156,188,170,278,283,299,332,336,333,287,371,470,435,377,493,499,493,516,519,611,621,665,703,745,873,803,921,945,1004,877,904,916,797,731,628,503,538,537,541,544,478,457,517,477,483,428,497,469,518,502,448,482,397,399,365,317,284,267,273,243,217,212,197,191,190,172,171,164,210,170,158,165,151,34549
Sun 02 Feb 2020,150,129,117,117,103,88,80,76,71,66,58,58,48,58,39,52,44,51,51,58,54,57,70,69,106,141,137,158,183,206,195,176,159,172,212,265,287,318,354,408,398,514,504,591,529,581,601,621,625,695,712,751,713,685,690,586,567,537,488,498,505,571,476,465,461,461,485,469,456,450,446,446,397,383,397,373,424,351,324,293,302,322,253,249,220,198,180,187,164,142,136,105,103,109,77,80,28587
Mon 03 Feb 2020,68,54,41,48,33,30,22,25,26,23,24,32,22,50,48,50,54,61,99,79,102,193,302,341,403,669,1025,1245,1282,1207,1077,1158,1048,1025,1134,1083,890,800,765,702,553,580,589,489,522,556,540,563,501,565,595,548,510,565,571,586,619,570,618,580,574,614,677,679,701,791,643,647,685,657,662,618,645,676,554,477,387,363,274,238,284,228,178,171,168,191,168,193,235,150,125,83,87,81,69,47,42580
Tue 04 Feb 2020,54,52,41,40,33,27,29,29,16,33,25,35,32,27,34,37,61,62,80,92,117,191,325,356,480,708,1074,1237,1306,1223,1114,1173,1187,1100,822,1115,1007,890,805,607,608,675,596,572,572,584,527,568,611,582,598,549,532,579,596,562,579,684,558,587,629,572,702,726,720,809,780,711,717,721,733,663,639,672,563,505,443,401,346,304,292,251,212,220,195,204,198,186,235,182,130,106,114,94,86,69,44525
Wed 05 Feb 2020,72,59,60,44,33,28,32,23,24,28,31,32,25,28,51,56,51,59,89,98,116,211,316,377,465,660,1126,1313,1285,1259,1154,1187,1220,1028,1098,1030,905,911,834,750,644,611,628,517,560,595,592,607,588,607,554,561,560,592,599,626,588,597,665,580,662,732,732,675,723,763,853,789,680,710,638,596,639,627,578,490,454,383,342,321,364,282,252,212,225,193,192,183,202,194,133,131,116,113,81,79,45378
Thu 06 Feb 2020,71,58,47,33,33,42,33,41,27,37,28,30,32,31,38,55,54,48,83,97,118,204,303,420,417,633,1062,1274,1311,1267,1121,1196,1169,1153,1162,1081,919,929,802,644,657,630,664,524,536,532,595,540,570,597,571,595,573,586,596,570,578,624,636,648,573,674,657,696,783,844,744,682,694,719,727,675,672,727,622,577,474,412,401,312,318,322,233,199,227,215,218,207,259,190,161,151,126,126,102,107,45751
Fri 07 Feb 2020,117,110,73,79,54,59,57,48,68,69,50,62,52,52,61,69,80,69,88,94,134,191,299,405,414,631,925,1198,1224,1240,1188,1210,1214,1118,1143,835,842,865,812,683,670,576,634,615,592,640,653,636,623,642,610,610,615,630,635,682,695,716,741,668,716,806,735,720,785,850,821,719,691,713,705,687,652,639,605,512,486,427,383,340,360,320,318,241,217,240,180,216,212,174,160,138,150,160,132,105,47180
Sat 08 Feb 2020,117,103,105,88,76,61,58,77,50,47,45,57,40,46,37,42,70,51,59,46,76,106,126,167,195,197,236,275,310,382,307,345,252,314,382,414,421,452,523,509,499,483,588,624,541,608,592,572,668,659,714,661,712,649,619,654,624,577,384,398,503,559,461,459,524,459,481,482,524,430,475,477,421,454,442,380,363,366,343,270,276,233,218,233,202,210,192,194,183,175,171,155,166,169,117,147,31004
Sun 09 Feb 2020,131,129,101,102,72,99,66,65,65,51,63,55,46,39,39,48,46,44,47,43,55,48,66,91,80,118,173,156,157,189,201,172,120,136,166,195,179,191,252,260,298,334,346,339,279,267,333,361,377,367,398,430,407,405,397,382,368,377,394,417,384,394,377,373,382,354,392,383,391,366,375,325,351,327,338,296,297,258,235,265,240,218,202,207,156,146,143,145,137,146,128,88,82,97,66,68,20764
Mon 10 Feb 2020,56,49,43,31,48,32,33,33,26,25,32,25,15,25,26,38,34,61,73,94,116,179,282,340,395,639,1040,1203,1179,1116,1077,1039,1152,1066,1015,818,974,983,839,695,583,536,575,555,615,546,568,563,546,520,538,548,622,579,570,567,579,635,638,564,568,580,604,642,660,731,645,643,671,701,691,677,587,626,522,425,404,332,320,264,315,223,206,204,167,186,154,115,198,147,120,114,68,91,73,48,42115
Tue 11 Feb 2020,59,47,43,49,24,36,40,33,30,38,24,33,23,37,41,57,45,49,81,104,125,186,302,336,430,706,1028,1230,1286,1225,1067,1114,1121,1029,988,1020,1028,870,804,728,634,553,578,568,541,543,597,534,539,595,552,548,573,524,601,550,573,592,552,523,552,488,549,630,692,805,863,696,637,690,612,668,691,678,587,496,432,423,289,260,316,237,209,222,182,187,186,174,219,162,132,110,91,71,77,57,43156
Wed 12 Feb 2020,84,66,50,39,42,43,52,29,36,41,32,39,26,29,51,47,53,58,84,95,106,180,300,342,462,635,989,964,1173,1246,1168,1099,1255,1055,1104,1095,1121,906,777,663,587,547,642,624,554,591,605,524,572,557,582,615,555,647,599,600,602,637,681,618,704,713,726,747,742,802,777,713,677,659,706,636,650,671,586,495,433,406,343,284,341,272,248,193,216,183,164,164,197,162,135,106,96,80,84,51,44737
Thu 13 Feb 2020,71,59,58,48,41,47,38,21,43,26,22,39,28,35,35,53,58,63,97,88,137,189,287,380,452,654,1094,1209,1173,1224,1172,1169,1161,1092,1053,1149,1024,841,798,704,646,603,645,576,604,614,621,632,576,643,587,599,579,600,578,590,631,561,682,629,632,690,681,650,792,824,806,709,707,685,657,637,683,659,625,556,474,418,344,364,289,327,221,242,222,210,194,175,228,177,141,116,109,112,88,72,45644
Fri 14 Feb 2020,64,70,53,47,43,46,38,41,45,23,43,29,35,28,52,60,48,54,85,88,114,168,315,379,409,635,989,1186,1301,1317,1267,1191,1104,1104,920,821,797,787,715,697,619,579,641,643,578,671,663,622,692,616,649,696,641,618,668,739,698,697,769,667,748,848,846,777,763,833,815,731,741,788,733,742,684,823,653,558,511,448,370,392,366,326,253,234,252,198,189,242,243,212,159,138,149,137,140,130,47546
Sat 15 Feb 2020,132,95,113,88,60,74,56,58,39,46,49,38,46,35,47,42,67,45,48,41,68,91,115,194,160,184,254,240,236,247,294,351,281,404,408,443,410,400,482,512,482,532,610,603,622,654,713,833,825,847,930,915,887,866,803,791,720,632,565,504,467,476,513,438,472,393,451,434,412,413,407,473,416,427,404,358,376,293,289,264,212,229,197,198,190,184,171,169,162,175,142,141,125,129,131,98,32156
Sun 16 Feb 2020,119,116,98,100,71,83,82,60,62,55,46,56,39,40,42,45,40,53,42,52,51,61,61,83,105,142,156,146,135,138,128,177,133,150,175,188,178,249,285,308,312,382,444,505,470,481,471,564,486,586,625,527,505,540,513,475,514,511,473,474,462,446,434,430,404,441,401,458,408,452,491,447,400,406,377,400,383,339,286,257,328,254,242,227,165,191,189,160,168,140,124,112,107,124,93,82,25036
Mon 17 Feb 2020,67,60,44,34,36,37,24,33,29,23,22,29,30,29,38,49,55,72,70,85,123,165,294,326,360,625,1037,1152,1247,1215,1188,1132,1010,1138,1103,779,732,760,764,691,607,593,659,608,613,670,645,679,552,699,555,613,608,604,606,586,661,657,636,631,634,672,628,688,707,819,696,620,749,747,730,643,694,688,560,485,418,384,311,247,225,178,172,157,157,158,151,146,186,169,124,115,115,91,86,68,43607
Tue 18 Feb 2020,79,48,56,53,33,40,35,31,35,25,31,29,38,25,36,58,77,70,72,73,113,206,266,352,439,644,1037,1237,1266,1303,1153,1211,1131,1062,1055,955,741,803,788,693,637,644,649,636,568,590,634,649,597,590,590,571,625,629,620,748,780,742,710,766,741,747,675,705,747,770,684,672,660,656,621,613,623,606,533,492,431,384,327,365,335,221,224,194,169,183,190,174,196,159,145,98,99,78,70,52,45013
Wed 19 Feb 2020,78,68,43,40,41,40,33,34,39,28,27,25,22,27,36,36,56,68,65,99,110,172,302,396,410,681,994,1203,1297,1299,1276,1231,1070,1141,981,846,732,791,688,718,662,658,694,667,630,637,666,655,665,670,634,652,632,647,613,675,647,680,630,660,616,707,668,752,777,774,755,718,723,730,685,577,715,665,595,542,497,421,356,347,320,241,235,191,149,187,133,143,158,147,111,92,75,79,64,64,45326
Thu 20 Feb 2020,58,42,47,42,40,31,26,23,29,17,30,29,32,38,37,34,68,60,79,111,101,208,291,401,382,611,1053,1227,1215,1285,1183,1235,1235,1071,934,798,769,782,766,720,636,680,676,615,583,635,645,595,600,600,677,614,648,615,654,630,658,640,625,673,613,722,667,654,700,769,716,809,779,718,693,745,670,653,548,556,502,398,351,290,292,234,188,179,162,189,180,148,184,161,106,91,105,97,72,69,44849
Fri 21 Feb 2020,80,67,56,38,39,46,40,37,42,31,33,42,36,53,61,47,54,74,89,89,107,180,283,393,386,637,960,1072,1135,1275,1201,1079,1013,929,870,810,694,711,757,721,638,625,647,595,659,626,680,654,672,734,693,657,679,686,702,719,774,703,740,707,695,776,793,771,720,832,749,763,725,793,747,718,724,774,638,628,529,469,398,327,339,275,208,207,209,165,170,173,184,192,173,159,120,134,128,114,46376
Sat 22 Feb 2020,100,70,90,66,60,54,54,33,38,37,44,42,40,45,43,51,50,45,71,73,75,101,118,191,164,180,214,253,241,255,311,297,304,368,408,428,391,427,430,502,467,543,576,636,629,681,764,784,787,917,894,961,899,887,873,904,855,629,563,539,489,567,461,501,491,556,559,470,457,463,516,480,538,492,440,471,414,349,305,283,253,212,220,202,161,161,148,138,155,142,156,135,123,134,115,116,33425
Sun 23 Feb 2020,97,90,118,77,81,79,57,54,54,58,42,41,25,33,40,45,47,50,43,51,58,46,61,74,107,126,156,159,143,165,171,159,135,150,166,275,245,237,314,350,340,412,444,492,467,517,520,551,523,575,523,553,565,550,533,531,504,508,492,490,455,495,519,471,475,460,427,529,464,510,498,425,418,432,417,400,388,353,333,302,288,287,252,233,229,216,176,166,177,131,102,132,108,92,84,82,26095
Mon 24 Feb 2020,49,52,38,44,37,28,31,33,33,19,21,26,22,28,35,49,51,61,78,74,106,153,262,343,391,569,803,921,942,894,1010,1035,1047,1051,958,855,1070,1048,829,648,650,584,595,540,507,502,526,523,498,545,522,547,517,554,525,591,518,598,548,554,581,557,610,650,657,707,687,694,623,640,675,608,600,653,496,460,395,322,292,241,270,177,163,159,166,176,142,139,136,126,124,87,67,71,70,68,39977
Tue 25 Feb 2020,59,46,44,39,42,34,24,34,22,32,36,33,28,22,38,43,58,63,74,95,126,182,289,347,471,675,1051,1146,1245,1139,1164,1074,1129,1020,927,970,1060,1053,815,639,553,569,569,572,528,607,583,557,533,560,547,533,576,630,597,615,650,625,627,566,641,637,680,737,708,762,768,790,673,779,742,651,661,709,613,507,450,416,336,277,301,186,173,164,146,150,116,140,158,141,128,77,77,61,56,63,43659
Wed 26 Feb 2020,54,45,35,47,33,29,27,33,21,17,22,23,27,26,39,48,53,76,76,78,105,172,305,382,453,661,1096,1305,1217,1200,1185,1117,1172,1061,815,989,1046,848,797,712,602,557,635,545,566,562,590,576,550,553,573,649,569,629,624,556,592,629,657,642,666,655,669,665,758,780,775,689,706,721,729,652,590,654,539,529,454,419,351,309,263,214,179,171,145,179,137,129,160,164,114,81,108,92,88,68,43905
Thu 27 Feb 2020,65,44,52,52,41,39,33,25,28,28,25,24,31,37,36,51,50,63,79,106,122,180,278,399,456,684,1061,1216,1251,1249,1065,1099,983,874,738,1030,1047,1019,803,705,650,598,612,582,536,595,582,599,536,565,623,605,609,591,572,608,618,620,641,592,651,669,733,721,769,874,815,684,714,654,639,611,673,718,602,523,474,438,375,301,265,218,206,161,153,147,140,133,144,167,107,116,70,78,75,62,43982
Fri 28 Feb 2020,78,51,38,35,33,42,28,30,28,34,31,31,24,36,47,53,52,63,83,90,115,193,255,399,398,628,1003,1145,1285,1311,1210,1204,1122,1058,977,790,838,829,770,723,570,606,590,585,526,543,667,578,669,622,728,750,697,667,715,623,697,736,717,699,663,739,696,714,748,766,749,795,720,755,725,669,673,744,645,570,517,447,381,352,310,307,231,179,193,207,170,175,142,151,154,126,136,133,144,140,46111
Sat 29 Feb 2020,120,86,87,69,65,72,63,70,52,47,54,48,47,52,43,51,61,54,53,67,80,99,127,129,220,203,255,242,269,295,346,287,292,372,437,419,410,477,529,515,497,528,603,579,606,671,676,691,662,632,668,671,604,586,664,578,666,613,607,591,542,568,549,537,568,544,482,482,465,484,529,504,485,493,448,485,409,414,356,298,276,273,225,256,200,201,207,221,170,206,191,164,152,164,141,146,32492
Sun 01 Mar 2020,123,119,142,108,105,99,87,69,85,75,72,75,67,53,47,59,46,56,49,55,49,46,80,89,124,126,176,163,153,132,182,151,178,178,230,243,271,292,378,384,398,444,558,565,513,572,564,581,605,579,596,558,527,547,594,528,519,537,540,499,537,497,427,535,528,441,476,489,495,465,451,463,461,443,462,468,398,379,373,332,273,309,301,228,207,181,194,167,179,137,123,110,115,108,84,85,27961
Mon 02 Mar 2020,71,53,45,38,39,32,26,30,26,18,34,21,23,23,46,40,34,68,90,101,113,161,259,372,404,634,988,1265,1265,1134,1159,1138,1173,1127,1078,941,954,786,788,632,594,586,597,513,572,604,591,573,564,585,590,524,584,590,531,519,627,637,652,587,568,668,674,695,742,746,690,719,705,736,671,614,677,635,534,464,463,402,288,278,306,257,177,189,190,156,153,140,202,160,118,95,65,77,61,69,43233
Tue 03 Mar 2020,73,60,44,43,37,40,30,31,31,41,28,29,34,29,51,43,53,66,76,87,128,204,295,354,479,662,1119,1228,1261,1189,1232,1162,1186,1118,1123,1117,1022,937,804,701,597,610,626,548,541,543,539,558,527,537,604,562,617,573,611,618,633,620,626,584,581,641,613,717,697,707,798,671,716,695,694,639,671,630,598,530,442,339,345,337,336,278,224,190,192,181,178,196,236,167,114,102,90,75,59,63,44663
Wed 04 Mar 2020,87,67,51,43,38,44,25,38,34,37,31,29,23,36,45,36,58,71,93,102,111,188,305,363,406,732,1016,922,1008,1298,1179,1248,1231,1120,1094,1226,1025,848,782,728,595,611,616,616,573,590,579,606,529,587,576,558,611,600,603,583,678,637,619,586,650,718,690,734,713,826,804,745,691,741,762,684,663,668,608,533,440,375,346,331,358,262,240,207,206,195,200,153,214,172,174,149,114,91,83,71,45382
Thu 05 Mar 2020,84,63,54,46,42,44,41,40,20,26,40,30,25,36,48,57,48,70,103,101,124,198,291,402,439,681,1086,1264,1356,1255,1195,1221,1151,1186,1060,955,904,917,788,719,661,660,639,583,585,556,543,584,560,639,566,607,607,599,586,589,646,634,656,633,616,655,706,703,743,819,821,728,737,715,773,733,676,746,691,613,527,476,353,296,361,299,220,234,237,224,182,201,149,112,108,67,2,1,0,2,45869
Fri 06 Mar 2020,1,0,0,1,0,0,0,0,1,0,2,1,1,15,44,28,47,64,90,86,130,187,275,390,396,667,960,1224,1313,1360,1252,1178,1159,1188,959,820,810,808,754,692,651,569,596,573,575,613,679,565,655,627,688,594,628,666,680,656,758,684,721,730,723,743,788,765,814,909,764,715,738,737,713,667,643,682,671,595,564,481,395,362,389,312,282,256,214,139,4,0,0,0,1,1,0,2,1,0,44881
Sat 07 Mar 2020,0,1,0,0,3,32,35,47,31,39,33,39,43,39,52,45,60,53,65,67,84,118,134,152,193,205,221,282,259,306,339,344,336,406,468,470,445,555,581,584,494,584,582,632,640,708,820,774,785,910,915,948,915,876,767,867,799,681,536,513,562,556,498,488,503,487,475,440,449,477,522,504,502,488,469,421,423,373,329,297,266,261,251,205,231,213,198,173,166,219,164,172,173,181,145,138,34331
Sun 08 Mar 2020,145,150,118,100,89,80,87,87,69,66,43,55,62,45,44,44,41,58,55,47,73,76,73,87,108,134,187,180,188,173,187,168,155,185,251,253,282,342,415,408,388,478,521,588,568,547,531,566,599,594,551,524,536,606,567,565,498,528,478,493,453,551,486,466,484,479,500,474,479,469,474,429,424,425,399,404,372,341,337,346,271,279,272,235,190,199,199,141,122,146,104,111,108,113,84,82,27584
Mon 09 Mar 2020,70,72,49,30,38,30,23,35,23,22,21,26,26,20,32,50,44,70,78,81,122,187,276,355,439,691,1046,1247,1254,1117,1057,1165,1169,1179,1065,984,914,846,738,643,593,594,568,540,551,549,553,618,546,596,574,561,612,580,627,531,570,621,594,593,595,627,585,700,717,813,757,691,641,701,732,620,635,636,519,436,396,358,347,275,305,228,215,174,186,189,163,165,209,145,138,98,83,90,66,51,43191
Tue 10 Mar 2020,65,55,43,50,39,41,32,24,30,28,35,37,30,34,55,44,52,67,70,85,116,170,269,357,501,749,1102,1253,1148,1101,1141,921,1014,967,1019,770,1075,1175,709,646,581,514,573,509,542,574,525,554,526,571,591,540,547,557,598,603,629,597,585,608,592,626,667,657,671,749,765,747,733,749,720,656,629,654,528,510,445,418,376,312,306,250,218,199,192,181,163,159,209,140,130,119,111,90,88,55,43257
Wed 11 Mar 2020,78,48,61,41,44,33,27,38,35,25,39,31,37,34,41,36,66,51,95,101,118,178,304,379,454,694,1103,1305,1248,1246,1181,979,997,994,1006,1042,860,874,695,686,638,577,558,516,611,578,558,581,536,547,564,555,548,602,608,557,627,623,645,600,605,683,626,722,763,760,721,673,659,721,730,675,688,667,565,499,475,406,328,311,289,273,233,217,219,246,195,151,229,164,133,123,92,110,90,90,44064
Thu 12 Mar 2020,70,45,54,47,44,35,37,35,30,21,28,39,26,44,47,62,54,57,82,101,117,192,274,369,465,675,1085,1231,1343,815,701,747,1020,1156,1095,988,952,940,744,651,622,655,551,608,533,547,590,622,546,601,559,496,530,605,587,534,642,641,638,625,566,634,633,676,713,771,759,725,693,736,727,641,661,720,570,519,447,403,333,354,296,241,227,238,233,219,194,166,222,164,141,119,101,115,90,70,43367
Fri 13 Mar 2020,72,61,45,43,35,47,38,43,37,32,40,38,33,47,53,44,53,74,90,86,123,164,280,393,401,651,985,1197,1265,1329,1166,1088,1142,1008,858,701,697,773,656,662,638,580,569,533,577,568,626,570,612,609,674,590,576,605,603,664,706,738,655,617,690,648,608,717,754,766,779,757,718,685,608,662,587,599,614,490,451,430,337,328,310,292,206,236,226,186,220,207,248,202,177,158,109,126,119,93,44203
Sat 14 Mar 2020,106,90,81,80,56,60,47,60,40,51,46,41,34,41,45,32,65,60,61,73,76,92,130,142,194,190,252,264,285,312,331,326,299,348,398,404,375,489,456,490,522,513,542,595,529,579,585,637,568,607,655,606,629,566,634,616,597,602,585,520,507,478,517,483,454,462,485,440,486,435,462,465,416,436,404,383,370,355,297,265,271,235,229,158,191,179,158,159,164,176,155,154,137,166,155,141,30137
Sun 15 Mar 2020,127,97,115,75,99,83,65,73,64,49,53,56,53,43,41,31,46,39,37,47,38,48,60,75,107,124,140,157,140,162,119,143,134,194,220,243,261,298,334,340,348,438,481,490,492,486,529,511,527,543,481,514,547,567,542,554,471,484,476,428,434,444,441,441,391,413,415,439,397,422,402,429,428,394,369,350,345,307,290,279,280,256,220,224,170,158,154,149,159,139,104,91,99,103,70,72,24817
Mon 16 Mar 2020,54,57,44,37,34,30,12,32,20,29,19,23,23,26,29,54,41,56,66,96,100,171,293,328,370,657,995,1262,1388,1367,1273,1127,1126,983,940,774,751,755,704,663,561,557,533,483,530,561,515,509,488,524,518,555,526,483,549,518,535,561,554,547,552,582,617,622,686,747,710,669,628,669,737,760,723,586,496,486,386,343,287,267,245,217,182,173,173,176,133,174,230,162,110,119,91,84,73,66,41377
Tue 17 Mar 2020,73,39,43,32,42,28,23,31,35,39,28,38,31,30,34,43,54,69,71,84,132,182,299,352,425,640,1027,1197,1262,1327,1180,1059,1014,925,778,710,707,705,627,535,560,458,495,480,510,481,469,535,490,493,506,471,526,535,511,515,553,549,543,524,582,573,579,588,644,659,623,601,609,618,603,586,560,548,466,417,329,294,256,251,235,213,175,165,157,137,128,129,218,130,105,97,69,89,75,54,38716
Wed 18 Mar 2020,69,53,44,43,45,35,33,42,31,25,35,37,29,27,33,44,50,46,76,89,106,189,281,337,384,587,951,1060,1143,1145,1093,964,966,838,721,689,647,577,587,554,507,478,504,485,483,507,461,453,479,491,517,546,521,539,488,506,585,541,541,545,524,565,517,595,586,651,620,573,603,580,569,474,548,504,442,378,331,270,253,223,257,201,207,144,138,150,130,121,154,114,87,72,86,59,51,67,36726
Thu 19 Mar 2020,57,46,52,46,41,27,29,36,38,38,39,33,39,38,33,49,58,59,78,83,95,156,254,353,388,577,921,1050,1116,1091,1025,888,890,813,720,663,647,600,556,552,485,458,511,506,501,500,504,494,470,505,540,525,558,527,561,501,528,542,576,519,515,572,605,577,584,641,632,577,549,628,538,527,468,478,440,383,342,335,265,277,253,219,178,154,156,171,164,108,168,144,97,86,97,76,81,63,36733
Fri 20 Mar 2020,42,53,39,37,30,30,34,35,32,30,37,32,31,29,40,37,39,48,70,84,83,142,256,293,378,538,837,922,1006,1014,968,855,808,778,711,597,622,585,532,480,479,487,502,540,506,505,541,549,533,535,533,571,533,597,576,593,602,564,641,521,555,631,578,624,605,633,555,504,555,488,483,478,485,423,417,395,368,307,261,237,264,213,218,154,179,163,131,127,193,130,100,94,114,83,94,65,36026
Sat 21 Mar 2020,78,72,54,45,40,48,58,39,31,36,28,19,24,26,38,29,34,40,41,50,60,78,112,134,167,171,248,267,224,228,286,265,245,310,295,339,304,311,370,360,318,367,383,437,402,443,432,458,465,413,375,448,429,452,440,375,401,397,366,387,370,388,362,334,326,309,293,341,260,269,279,266,264,244,234,203,235,190,158,133,125,152,150,104,117,124,83,99,89,100,93,78,72,87,56,48,20827
Sun 22 Mar 2020,42,41,48,22,25,26,23,29,13,28,22,11,8,24,11,22,20,17,30,22,21,32,46,59,99,92,102,137,127,124,106,117,103,107,138,109,125,151,217,210,216,226,286,327,294,287,330,328,330,319,326,350,308,323,349,323,315,318,299,301,288,288,258,282,280,282,302,271,252,252,258,261,243,242,264,255,241,234,225,207,162,178,146,125,117,109,106,108,106,85,69,63,74,74,48,45,15661
Mon 23 Mar 2020,34,28,15,26,23,17,15,25,13,17,26,21,13,30,26,33,29,46,48,70,75,116,248,324,282,474,759,926,955,974,1003,891,760,733,685,565,516,443,483,422,431,413,418,364,410,423,425,412,394,421,409,430,438,481,480,435,422,477,478,444,468,477,476,455,478,522,527,483,461,462,434,428,410,402,323,244,256,216,195,172,203,142,139,121,145,154,183,153,222,147,118,109,95,86,71,59,30830
Tue 24 Mar 2020,61,61,57,45,51,37,36,38,31,25,36,31,32,23,42,42,33,48,58,72,82,129,230,240,330,438,720,777,742,785,745,602,498,512,460,444,385,416,365,319,340,316,335,305,376,319,351,315,306,325,340,347,309,319,343,363,369,329,401,372,360,356,329,355,363,413,359,364,353,346,363,267,327,253,224,218,205,150,147,139,126,118,103,86,77,84,89,89,111,80,59,49,42,47,36,33,23978
Wed 25 Mar 2020,34,34,21,28,28,24,23,26,21,16,27,25,23,30,35,42,33,43,64,67,80,118,215,236,301,371,596,628,608,615,631,522,465,360,371,356,295,315,296,269,241,268,293,277,306,296,293,247,269,265,300,274,293,281,318,343,338,299,343,303,317,332,308,309,315,351,323,270,318,304,313,239,270,203,206,192,170,149,132,117,106,90,75,76,84,84,87,68,110,79,57,47,52,50,29,40,20411
Thu 26 Mar 2020,46,25,21,21,18,15,27,15,18,21,15,16,28,24,25,31,32,52,56,59,78,95,200,253,284,315,567,600,584,630,575,480,408,399,318,314,307,272,258,305,275,268,256,259,254,270,270,264,294,278,257,287,280,263,289,291,313,294,295,274,309,280,287,295,334,352,285,302,297,275,266,238,287,213,207,185,149,121,96,105,110,86,86,80,78,79,88,74,106,73,57,54,56,41,42,28,19359
Fri 27 Mar 2020,36,30,23,25,21,23,23,18,18,23,17,23,16,27,27,24,28,44,39,60,74,95,182,234,279,327,507,546,523,529,552,465,364,367,320,323,261,280,307,272,251,254,265,281,235,301,297,295,259,267,263,305,282,307,287,316,331,321,297,243,327,310,305,250,314,288,245,276,238,263,223,208,214,223,184,174,155,128,111,104,109,106,73,88,71,59,75,77,107,48,38,55,48,48,30,36,18617
Sat 28 Mar 2020,34,22,26,24,13,22,22,19,22,17,14,17,14,15,21,36,27,25,40,39,45,58,89,120,156,143,155,178,133,149,142,125,115,102,121,112,116,116,121,127,126,116,158,128,141,165,166,159,163,150,145,168,158,163,153,149,172,151,137,141,141,132,124,120,101,111,104,67,101,100,116,111,114,113,98,107,99,77,78,73,68,76,58,53,35,39,58,46,43,49,39,50,46,40,45,32,8765
Sun 29 Mar 2020,21,22,15,21,,,,,9,10,16,13,14,6,5,11,12,17,12,14,28,30,48,46,70,85,140,128,97,85,66,74,63,71,71,60,49,65,63,72,78,52,70,99,76,90,84,77,83,97,93,108,103,94,114,101,128,117,105,118,96,134,89,108,96,95,109,87,72,97,111,84,96,106,104,86,99,63,63,60,84,80,61,40,52,51,48,51,36,43,35,30,31,37,26,28,6104
Mon 30 Mar 2020,23,18,21,19,16,10,11,17,21,11,5,15,15,16,20,24,18,28,47,62,63,87,158,191,168,281,437,519,496,528,512,490,339,356,317,282,249,245,221,277,198,221,253,253,200,227,241,221,247,246,240,221,293,221,243,241,254,225,269,247,250,287,272,237,294,259,245,234,240,261,251,204,241,217,185,139,127,112,112,98,93,84,87,76,68,68,88,67,95,72,62,43,22,33,37,24,16678
Tue 31 Mar 2020,25,25,23,24,15,14,19,16,23,15,16,13,11,25,25,33,29,30,43,45,74,86,190,178,253,279,411,523,489,523,509,444,369,341,336,298,253,271,269,222,191,201,205,207,221,232,239,234,216,223,243,231,231,225,240,245,279,261,266,237,238,250,263,275,256,244,268,257,237,247,242,209,216,205,180,150,121,111,89,95,96,70,84,62,71,70,88,61,102,64,49,49,42,31,26,32,16564
Wed 01 Apr 2020,27,31,26,15,22,14,11,21,26,17,18,19,14,15,27,26,28,34,53,41,70,89,175,188,227,273,434,518,517,476,542,434,359,333,336,312,256,245,220,245,179,197,191,198,231,230,262,224,222,244,198,231,249,248,260,263,292,265,273,217,271,271,255,253,285,261,283,225,252,245,202,217,245,195,171,152,132,131,102,101,91,107,68,73,66,70,73,58,114,68,49,48,35,43,38,26,16684
Thu 02 Apr 2020,31,38,22,18,21,14,9,16,20,17,18,14,19,20,27,30,38,33,52,38,66,98,166,186,239,263,461,510,522,492,533,450,393,337,313,298,266,242,224,244,228,212,201,215,213,224,228,243,231,226,233,243,239,231,243,273,290,253,268,222,276,229,255,219,244,245,257,246,247,282,248,206,221,178,183,170,147,114,104,90,96,89,82,67,49,66,92,87,98,67,58,45,54,43,32,26,16726
Fri 03 Apr 2020,30,24,21,20,21,17,13,17,16,17,25,12,26,13,28,24,30,40,46,52,65,85,178,180,235,258,442,499,493,488,513,451,355,371,284,290,243,233,253,248,210,219,243,236,229,246,249,265,270,239,280,252,296,276,263,279,310,269,287,252,274,268,264,227,260,255,265,231,242,218,222,237,237,200,203,169,155,108,96,94,116,80,81,96,65,60,47,78,97,44,37,49,35,46,30,25,17037
Sat 04 Apr 2020,25,38,33,25,16,24,16,21,11,15,21,9,21,14,20,18,32,24,41,26,51,45,102,90,154,118,167,180,115,98,141,121,98,111,109,103,107,103,136,104,107,132,123,164,120,139,147,137,167,170,154,163,145,162,156,134,142,146,149,122,126,139,139,115,112,97,83,102,104,99,123,117,122,108,133,106,92,99,97,52,77,75,50,52,50,47,64,56,37,52,39,29,47,46,32,26,8526
Sun 05 Apr 2020,37,18,24,13,15,19,8,15,7,7,10,7,7,7,11,13,14,10,9,19,24,31,60,77,84,84,136,116,84,76,81,73,65,63,59,56,50,47,66,81,65,72,86,94,107,106,114,87,86,96,89,107,110,98,104,115,110,110,92,90,84,98,97,92,89,89,82,70,87,97,95,105,142,99,110,108,110,64,61,84,71,68,58,54,49,46,52,56,35,43,31,35,43,28,34,22,6209
Mon 06 Apr 2020,16,18,21,20,19,11,6,14,16,5,14,15,13,17,22,17,23,26,33,51,57,96,152,164,176,259,420,522,501,520,526,453,353,351,322,284,270,248,240,241,226,235,213,253,219,244,242,260,207,227,244,223,246,236,263,253,258,259,253,243,216,231,246,246,254,284,263,265,235,235,234,222,227,190,188,179,152,105,102,79,83,91,84,85,71,57,83,62,110,75,78,35,36,42,34,22,16537
Tue 07 Apr 2020,28,25,23,24,16,19,19,21,18,18,13,17,19,25,29,18,36,23,46,50,71,76,151,177,238,283,444,515,510,525,526,471,329,351,272,306,263,218,224,230,218,189,223,215,227,235,204,233,193,256,197,236,220,229,255,246,272,257,245,223,219,281,236,256,247,258,227,247,239,240,232,234,211,182,190,177,154,111,102,91,104,87,92,63,68,64,73,74,108,72,49,40,41,32,29,28,16398
Wed 08 Apr 2020,35,34,19,21,14,21,20,23,16,16,29,10,22,22,28,23,37,34,51,51,65,85,156,171,261,303,488,505,466,495,517,462,350,346,317,294,226,259,243,231,231,209,205,215,230,269,239,225,218,261,254,249,257,261,262,255,293,279,276,261,242,238,279,254,271,251,267,249,247,250,225,230,200,213,205,189,130,114,88,105,113,89,81,61,70,69,86,78,104,64,59,43,34,40,33,21,17007
Thu 09 Apr 2020,31,23,19,20,24,18,17,18,23,15,20,14,21,21,32,28,37,45,47,53,63,102,163,189,240,293,451,518,473,560,488,441,375,317,360,292,263,240,232,264,235,228,264,217,273,237,230,253,238,273,250,256,276,275,293,294,301,292,281,260,298,276,303,298,308,317,256,247,269,263,235,259,245,197,191,181,131,122,121,109,91,82,90,80,89,75,93,91,110,46,41,47,56,37,35,35,17800
Fri 10 Apr 2020,28,30,21,27,24,22,19,8,12,22,22,9,20,23,29,27,24,30,35,42,53,55,107,137,134,151,207,189,179,169,166,154,130,138,146,138,107,139,140,153,129,154,145,159,175,166,155,165,155,136,143,160,180,184,203,166,180,194,183,161,154,134,153,152,155,140,140,135,129,133,128,128,135,152,161,117,94,88,75,71,77,63,62,65,47,45,44,45,55,51,41,38,35,32,33,22,9888
Sat 11 Apr 2020,26,34,20,19,10,13,22,12,5,10,9,13,13,12,11,13,22,26,39,28,50,45,77,113,93,136,174,147,125,127,116,117,98,115,125,82,110,110,130,114,108,116,124,120,140,143,141,142,136,132,153,134,145,148,155,137,139,139,126,122,138,134,135,106,99,105,112,103,101,106,96,84,121,112,120,100,92,84,94,65,65,76,76,49,55,39,43,30,44,46,47,50,38,51,42,27,8146
Sun 12 Apr 2020,29,10,18,21,10,7,11,8,5,8,13,10,6,4,8,12,14,8,6,7,18,17,40,49,64,99,119,115,95,67,74,70,68,49,57,44,45,41,39,41,44,50,48,68,72,75,78,76,80,73,109,92,83,103,85,88,100,95,90,96,95,91,79,84,80,77,70,62,71,81,105,74,88,92,89,106,100,70,59,58,69,76,61,48,39,43,47,40,51,35,46,26,19,37,12,24,5335
Mon 13 Apr 2020,27,17,14,16,3,9,12,14,8,9,8,10,8,12,15,15,16,17,18,26,36,50,83,83,90,115,162,147,134,122,120,105,85,90,100,101,75,76,92,85,75,95,104,108,122,124,130,103,124,132,128,119,134,131,156,132,146,156,153,155,122,117,110,105,110,115,104,95,125,123,125,94,121,107,121,91,107,82,82,73,69,65,46,64,47,48,58,54,51,56,47,43,39,28,30,28,7654
Tue 14 Apr 2020,24,27,22,13,13,12,16,19,9,13,13,10,10,15,19,24,24,25,36,46,72,104,162,140,182,265,446,516,516,548,509,467,394,352,321,334,253,261,262,251,224,258,213,249,242,253,244,210,215,248,246,247,252,263,243,309,276,314,262,251,281,282,224,275,284,269,248,282,234,254,266,237,234,184,203,128,169,129,114,106,89,75,63,46,28,4,0,0,3,0,1,1,0,5,1,0,16483
Wed 15 Apr 2020,1,0,0,0,0,1,8,12,11,7,13,15,14,16,16,35,27,26,44,61,65,84,171,173,257,271,485,541,537,545,530,455,390,329,338,329,239,264,244,259,242,209,242,240,214,252,242,284,232,220,206,247,236,220,253,257,296,249,270,211,265,255,271,257,286,268,252,258,263,235,240,234,200,196,193,145,153,110,111,86,90,55,2,4,0,0,0,0,1,0,0,0,7,3,24,15,16114
Thu 16 Apr 2020,19,17,20,14,18,19,18,22,22,11,20,13,20,14,27,31,33,31,44,62,70,64,170,164,260,307,480,557,511,575,515,471,373,367,364,299,298,255,262,237,223,245,242,224,213,227,239,247,261,245,236,227,255,262,272,276,304,292,248,198,278,225,253,283,294,268,234,262,260,254,254,219,213,214,169,184,149,114,100,96,88,47,0,3,1,0,0,1,1,2,1,1,2,5,9,27,16521
Fri 17 Apr 2020,14,19,23,22,21,18,19,14,18,14,18,14,18,15,32,27,39,41,57,59,58,88,174,197,219,282,482,487,476,529,482,475,374,360,288,272,257,262,277,256,252,226,243,238,256,256,266,274,217,267,290,226,261,278,291,298,309,311,276,273,353,298,284,283,305,263,265,239,273,239,273,238,232,191,206,165,168,114,108,90,45,0,3,1,1,3,4,6,0,2,3,3,32,36,25,31,16887
Sat 18 Apr 2020,32,21,15,23,15,14,16,17,13,12,15,9,18,19,20,17,24,29,51,30,54,53,88,111,140,137,180,172,124,110,137,139,97,118,119,87,109,108,118,118,137,129,147,164,160,146,143,173,181,173,190,181,150,169,155,157,177,145,160,146,142,170,143,124,133,118,125,108,121,135,128,113,128,133,130,149,94,98,88,79,67,65,64,67,38,54,41,42,46,40,55,40,45,39,27,27,9128
Sun 19 Apr 2020,26,21,16,24,10,11,7,7,8,7,7,10,9,8,10,12,16,11,9,17,15,35,51,75,73,97,141,133,86,66,85,71,66,60,72,47,51,63,72,73,77,105,71,99,116,118,107,128,119,115,109,118,120,134,105,152,134,123,121,117,114,122,132,126,107,105,93,99,117,121,116,111,115,115,133,128,88,91,96,66,79,91,72,57,57,57,69,44,46,45,44,30,45,41,34,32,7004
Mon 20 Apr 2020,25,16,26,20,13,14,11,13,8,12,11,6,16,15,19,27,25,32,33,48,71,88,181,194,172,300,482,603,552,522,587,535,407,413,344,308,302,278,267,241,201,257,253,244,225,263,255,245,258,282,230,245,228,255,284,314,281,282,303,252,276,287,275,296,287,285,274,240,283,256,259,267,238,229,181,164,142,134,98,100,43,0,5,1,6,6,1,0,2,1,3,3,3,1,2,0,17042
Tue 21 Apr 2020,3,4,4,5,2,3,6,12,8,12,19,16,16,22,33,28,36,40,41,69,77,95,182,242,276,343,595,789,745,818,828,666,579,654,562,537,430,429,445,427,393,408,382,369,399,430,397,409,399,454,452,441,433,410,459,458,501,452,502,405,448,478,456,459,532,444,423,416,446,447,413,401,393,326,315,240,254,196,199,184,108,45,3,4,0,0,3,1,4,0,0,0,0,2,1,2,26294
Wed 22 Apr 2020,2,1,0,1,1,0,2,0,0,0,0,2,9,22,28,38,37,46,51,89,119,142,258,328,381,473,706,832,814,798,861,694,598,623,572,537,401,483,451,433,355,387,453,393,390,393,438,411,421,425,420,426,456,449,435,485,451,516,467,435,463,441,432,437,454,429,423,450,415,434,421,418,324,337,308,278,197,191,214,155,107,98,90,80,75,88,73,79,56,56,73,74,79,66,68,59,27881
Thu 23 Apr 2020,42,38,37,37,27,22,24,43,23,22,25,17,26,26,44,64,35,42,71,90,98,128,290,327,332,446,688,823,813,815,844,803,606,652,490,535,468,467,457,416,375,399,391,387,459,409,428,458,436,452,464,404,481,446,519,461,523,476,421,378,442,458,474,484,402,442,444,409,442,433,431,421,385,340,342,319,309,216,207,188,179,154,128,129,129,146,184,219,241,161,199,168,109,78,74,76,29982
Fri 24 Apr 2020,57,27,43,31,29,34,29,32,12,37,24,25,17,38,46,43,65,69,81,96,116,109,263,329,380,453,636,769,787,845,799,745,611,621,570,477,406,455,455,442,397,410,418,454,435,434,459,475,418,456,458,431,477,436,479,513,574,496,457,415,479,501,469,499,430,442,396,412,444,420,396,331,377,356,309,250,284,201,173,162,171,151,157,130,150,106,132,162,141,124,124,92,132,93,85,59,29535
Sat 25 Apr 2020,44,80,49,47,51,37,43,38,46,29,25,24,23,24,30,31,39,37,72,71,68,96,162,195,220,182,268,312,245,235,218,231,205,211,215,224,187,235,283,257,255,262,251,232,295,293,324,294,319,306,340,329,312,277,309,293,319,305,293,272,253,282,268,282,217,227,224,202,222,239,224,192,191,234,216,227,201,162,169,160,189,144,129,103,89,92,132,116,71,110,88,114,82,66,62,69,17017
Sun 26 Apr 2020,66,41,33,33,26,25,32,15,11,8,9,18,26,16,17,20,18,32,28,20,42,42,80,106,123,147,189,196,161,121,165,116,105,126,113,90,91,148,144,181,147,180,202,228,201,202,218,234,255,230,247,209,219,241,239,260,251,248,232,260,247,231,229,185,200,172,194,168,146,212,203,178,236,193,207,232,153,131,131,138,129,131,125,78,86,77,117,96,87,80,73,65,73,61,54,43,12644
Mon 27 Apr 2020,32,44,38,41,21,33,20,21,24,26,21,12,25,23,33,36,26,34,70,99,96,175,251,281,267,435,740,799,829,821,842,782,623,648,524,528,475,415,408,385,467,385,444,403,429,445,440,463,379,444,452,468,456,447,494,449,545,,,,,,,,,,,,,,,,,,,,,,,,,,,,,,,,,,,,,,,,18613
Tue 28 Apr 2020,,,,,,,,,,,,,,,,,,,,,,,,,,,,,,,,,,,,,,,,,,,,,,,,,,,,,,,,,,,,,,,,,,,,,,,,,,,,,,,,,,,,,,,,,,,,,,,,,
Wed 29 Apr 2020,,,,,,,,,,,,,,,,,,,,,,,,,,,,,,,,,,,,,,,,,,,,,,,,,,,,,,,,,,,,,,,,,,,,,,,,,,,,,,,,,,,,,,,,,,,,,,,,,
Thu 30 Apr 2020,,,,,,,,,,,,,,,,,,,,,,,,,,,,,,,,,,,,,,,,,,,,,,,,,,,,,,,,,,,,,,,,,,,,,,,,,,,,,,,,,,,,,,,,,,,,,,,,,
Fri 01 May 2020,,,,,,,,,,,,,,,,,,,,,,,,,,,,,,,,,,,,,,,,,,,,,,,,,,,,,,,,,,,,,,,,,,,,,,,,,,,,,,,,,,,,,,,,,,,,,,,,,
Sat 02 May 2020,,,,,,,,,,,,,,,,,,,,,,,,,,,,,,,,,,,,,,,,,,,,,,,,,,,,,,,,,,,,,,,,,,,,,,,,,,,,,,,,,,,,,,,,,,,,,,,,,
Sun 03 May 2020,,,,,,,,,,,,,,,,,,,,,,,,,,,,,,,,,,,,,,,,,,,,,,,,,,,,,,,,,,,,,,,,,,,,,,,,,,,,,,,,,,,,,,,,,,,,,,,,,
Mon 04 May 2020,,,,,,,,,,,,,,,,,,,,,,,,,,,,,,,,,,,,,,,,,,,,,,,,,,,,,,,,,,,,,,,,,,,,,,,,,,,,,,,,,,,,,,,,,,,,,,,,,
Tue 05 May 2020,,,,,,,,,,,,,,,,,,,,,,,,,,,,,,,,,,,,,,,,,,,,,,,,,,,,,,,,,,,,,,,,,,,,,,,,,,,,,,,,,,,,,,,,,,,,,,,,,
Wed 06 May 2020,,,,,,,,,,,,,,,,,,,,,,,,,,,,,,,,,,,,,,,,,,,,,,,,,,,,,,,,,,,,,,,,,,,,,,,,,,,,,,,,,,,,,,,,,,,,,,,,,
Thu 07 May 2020,,,,,,,,,,,,,,,,,,,,,,,,,,,,,,,,,,,,,,,,,,,,,,,,,,,,,,,,,,,,,,,,,,,,,,,,,,,,,,,,,,,,,,,,,,,,,,,,,
Fri 08 May 2020,,,,,,,,,,,,,,,,,,,,,,,,,,,,,,,,,,,,,,,,,,,,,,,,,,,,,,,,,,,,,,,,,,,,,,,,,,,,,,,,,,,,,,,,,,,,,,,,,
Sat 09 May 2020,,,,,,,,,,,,,,,,,,,,,,,,,,,,,,,,,,,,,,,,,,,,,,,,,,,,,,,,,,,,,,,,,,,,,,,,,,,,,,,,,,,,,,,,,,,,,,,,,
Sun 10 May 2020,,,,,,,,,,,,,,,,,,,,,,,,,,,,,,,,,,,,,,,,,,,,,,,,,,,,,,,,,,,,,,,,,,,,,,,,,,,,,,,,,,,,,,,,,,,,,,,,,
Mon 11 May 2020,,,,,,,,,,,,,,,,,,,,,,,,,,,,,,,,,,,,,,,,,,,,,,,,,,,,,,,,,,,,,,,,,,,,,,,,,,,,,,,,,,,,,,,,,,,,,,,,,
Tue 12 May 2020,,,,,,,,,,,,,,,,,,,,,,,,,,,,,,,,,,,,,,,,,,,,,,,,,,,,,,,,,,,,,,,,,,,,,,,,,,,,,,,,,,,,,,,,,,,,,,,,,
Wed 13 May 2020,,,,,,,,,,,,,,,,,,,,,,,,,,,,,,,,,,,,,,,,,,,,,,,,,,,,,,,,,,,,,,,,,,,,,,,,,,,,,,,,,,,,,,,,,,,,,,,,,
Thu 14 May 2020,,,,,,,,,,,,,,,,,,,,,,,,,,,,,,,,,,,,,,,,,,,,,,,,,,,,,,,,,,,,,,,,,,,,,,,,,,,,,,,,,,,,,,,,,,,,,,,,,
Fri 15 May 2020,,,,,,,,,,,,,,,,,,,,,,,,,,,,,,,,,,,,,,,,,,,,,,,,,,,,,,,,,,,,,,,,,,,,,,,,,,,,,,,,,,,,,,,,,,,,,,,,,
Sat 16 May 2020,,,,,,,,,,,,,,,,,,,,,,,,,,,,,,,,,,,,,,,,,,,,,,,,,,,,,,,,,,,,,,,,,,,,,,,,,,,,,,,,,,,,,,,,,,,,,,,,,
Sun 17 May 2020,,,,,,,,,,,,,,,,,,,,,,,,,,,,,,,,,,,,,,,,,,,,,,,,,,,,,,,,,,,,,,,,,,,,,,,,,,,,,,,,,,,,,,,,,,,,,,,,,
Mon 18 May 2020,,,,,,,,,,,,,,,,,,,,,,,,,,,,,,,,,,,,,,,,,,,,,,,,,,,,,,,,,,,,,,,,,,,,,,,,,,,,,,,,,,,,,,,,,,,,,,,,,
Tue 19 May 2020,,,,,,,,,,,,,,,,,,,,,,,,,,,,,,,,,,,,,,,,,,,,,,,,,,,,,,,,,,,,,,,,,,,,,,,,,,,,,,,,,,,,,,,,,,,,,,,,,
Wed 20 May 2020,,,,,,,,,,,,,,,,,,,,,,,,,,,,,,,,,,,,,,,,,,,,,,,,,,,,,,,,,,,,,,,,,,,,,,,,,,,,,,,,,,,,,,,,,,,,,,,,,
Thu 21 May 2020,,,,,,,,,,,,,,,,,,,,,,,,,,,,,,,,,,,,,,,,,,,,,,,,,,,,,,,,,,,,,,,,,,,,,,,,,,,,,,,,,,,,,,,,,,,,,,,,,
Fri 22 May 2020,,,,,,,,,,,,,,,,,,,,,,,,,,,,,,,,,,,,,,,,,,,,,,,,,,,,,,,,,,,,,,,,,,,,,,,,,,,,,,,,,,,,,,,,,,,,,,,,,
Sat 23 May 2020,,,,,,,,,,,,,,,,,,,,,,,,,,,,,,,,,,,,,,,,,,,,,,,,,,,,,,,,,,,,,,,,,,,,,,,,,,,,,,,,,,,,,,,,,,,,,,,,,
Sun 24 May 2020,,,,,,,,,,,,,,,,,,,,,,,,,,,,,,,,,,,,,,,,,,,,,,,,,,,,,,,,,,,,,,,,,,,,,,,,,,,,,,,,,,,,,,,,,,,,,,,,,
Mon 25 May 2020,,,,,,,,,,,,,,,,,,,,,,,,,,,,,,,,,,,,,,,,,,,,,,,,,,,,,,,,,,,,,,,,,,,,,,,,,,,,,,,,,,,,,,,,,,,,,,,,,
Tue 26 May 2020,,,,,,,,,,,,,,,,,,,,,,,,,,,,,,,,,,,,,,,,,,,,,,,,,,,,,,,,,,,,,,,,,,,,,,,,,,,,,,,,,,,,,,,,,,,,,,,,,
Wed 27 May 2020,,,,,,,,,,,,,,,,,,,,,,,,,,,,,,,,,,,,,,,,,,,,,,,,,,,,,,,,,,,,,,,,,,,,,,,,,,,,,,,,,,,,,,,,,,,,,,,,,
Thu 28 May 2020,,,,,,,,,,,,,,,,,,,,,,,,,,,,,,,,,,,,,,,,,,,,,,,,,,,,,,,,,,,,,,,,,,,,,,,,,,,,,,,,,,,,,,,,,,,,,,,,,
Fri 29 May 2020,,,,,,,,,,,,,,,,,,,,,,,,,,,,,,,,,,,,,,,,,,,,,,,,,,,,,,,,,,,,,,,,,,,,,,,,,,,,,,,,,,,,,,,,,,,,,,,,,
Sat 30 May 2020,,,,,,,,,,,,,,,,,,,,,,,,,,,,,,,,,,,,,,,,,,,,,,,,,,,,,,,,,,,,,,,,,,,,,,,,,,,,,,,,,,,,,,,,,,,,,,,,,
Sun 31 May 2020,,,,,,,,,,,,,,,,,,,,,,,,,,,,,,,,,,,,,,,,,,,,,,,,,,,,,,,,,,,,,,,,,,,,,,,,,,,,,,,,,,,,,,,,,,,,,,,,,
Mon 01 Jun 2020,,,,,,,,,,,,,,,,,,,,,,,,,,,,,,,,,,,,,,,,,,,,,,,,,,,,,,,,,,,,,,,,,,,,,,,,,,,,,,,,,,,,,,,,,,,,,,,,,
Tue 02 Jun 2020,,,,,,,,,,,,,,,,,,,,,,,,,,,,,,,,,,,,,,,,,,,,,,,,,,,,,,,,,,,,,,,,,,,,,,,,,,,,,,,,,,,,,,,,,,,,,,,,,
Wed 03 Jun 2020,,,,,,,,,,,,,,,,,,,,,,,,,,,,,,,,,,,,,,,,,,,,,,,,,,,,,,,,,,,,,,,,,,,,,,,,,,,,,,,,,,,,,,,,,,,,,,,,,
Thu 04 Jun 2020,,,,,,,,,,,,,,,,,,,,,,,,,,,,,,,,,,,,,,,,,,,,,,,,,,,,,,,,,,,,,,,,,,,,380,389,388,410,368,345,302,293,256,250,208,188,147,133,126,107,94,88,89,87,84,83,77,73,64,59,72,48,27,5235
Fri 05 Jun 2020,41,25,38,24,26,25,13,15,15,17,11,18,17,19,19,30,31,41,44,61,81,94,223,235,281,404,460,460,464,452,441,421,389,351,364,344,357,375,403,381,376,326,389,371,413,362,361,376,358,424,396,404,372,397,389,368,414,420,356,373,404,426,402,425,362,377,367,375,386,418,361,348,374,320,279,264,273,225,190,193,138,135,114,103,120,102,76,92,62,87,72,50,61,80,59,50,23325
Sat 06 Jun 2020,41,31,33,22,30,26,18,31,17,17,17,11,26,11,24,30,28,36,34,31,52,70,95,123,150,154,219,191,168,160,188,158,158,168,210,238,201,196,270,250,270,279,306,335,257,372,376,375,357,365,389,379,327,332,342,374,367,395,315,315,355,350,329,311,281,288,245,261,241,262,266,245,235,246,238,210,217,189,175,160,205,172,192,130,186,159,153,150,139,142,130,145,115,152,95,87,18216
Sun 07 Jun 2020,88,60,53,52,46,43,24,29,23,29,16,26,22,25,26,24,36,39,21,39,44,42,72,88,102,139,226,205,159,125,160,149,130,129,126,150,138,157,197,257,266,281,353,389,358,404,446,409,421,443,480,450,429,420,518,458,425,444,428,435,449,428,383,382,388,392,381,387,415,418,373,396,345,401,396,314,355,250,310,271,265,212,238,207,197,178,180,169,139,135,103,118,105,93,98,76,21720
Mon 08 Jun 2020,51,53,37,46,36,28,33,32,23,22,23,20,31,19,47,44,56,48,103,93,110,186,305,367,306,513,860,879,826,824,860,693,705,687,727,595,588,596,599,568,550,556,564,547,518,573,649,547,518,575,620,579,605,592,669,658,606,674,630,602,663,575,638,676,669,630,608,604,614,664,583,566,525,538,422,417,359,287,298,279,214,244,209,178,186,178,205,168,218,154,112,117,94,89,65,72,37589
Tue 09 Jun 2020,73,77,55,42,44,25,44,32,25,56,30,26,28,35,53,61,38,52,79,109,149,204,331,400,408,567,856,876,880,966,920,844,702,723,784,667,581,652,635,617,595,595,591,579,589,571,569,623,607,605,629,586,611,632,693,690,652,599,713,662,624,673,672,630,754,708,641,671,704,644,639,658,562,525,510,424,366,334,310,271,271,230,233,202,180,188,183,215,215,165,113,104,60,58,167,85,40126
Wed 10 Jun 2020,79,61,75,36,45,41,37,41,21,30,29,23,17,39,82,64,52,53,79,94,145,205,327,403,439,577,880,855,884,894,922,826,719,697,755,718,595,650,623,675,593,596,578,590,563,607,600,623,622,628,592,590,626,614,705,687,663,675,655,601,645,594,705,661,699,706,660,658,633,651,616,537,591,466,458,447,353,338,312,262,285,207,208,208,182,205,180,189,215,172,136,109,139,100,85,83,39890
Thu 11 Jun 2020,52,68,48,38,34,47,50,38,33,50,29,27,29,35,61,55,54,55,82,117,128,178,371,415,425,587,877,939,914,914,917,866,766,731,700,697,603,644,594,612,589,579,588,587,530,565,612,547,584,611,596,603,603,605,643,635,677,605,631,590,647,691,688,660,685,715,633,576,676,616,577,591,600,576,498,419,385,297,308,285,249,250,208,147,160,197,203,184,185,170,118,125,84,110,79,65,39517
Fri 12 Jun 2020,61,65,38,46,34,25,23,39,34,37,45,31,31,48,54,45,53,49,59,118,133,125,351,379,391,518,793,873,859,888,842,892,730,729,663,649,565,587,525,565,553,537,583,546,567,592,672,659,540,625,672,649,665,619,690,711,711,770,708,667,712,743,664,681,667,658,649,604,565,664,605,559,,,,,,,,,,,,,,,,,,,,,,,,,33499
Sat 13 Jun 2020,,,,,,,,,,,,,,,,,,,,,,,,,,,,,,,,,,,,,,,,,,,,,,,,,,,,,,,,,,,,,,,,,,,,,,,,,,,,,,,,,,,,,,,,,,,,,,,,,
Sun 14 Jun 2020,,,,,,,,,,,,,,,,,,,,,,,,,,,,,,,,,,,,,,,,,,,,,,,,,,,,,,,,,,,,,,,,,,,,,,,,,,,,,,,,,,,,,,,,,,,,,,,,,
Mon 15 Jun 2020,,,,,,,,,,,,,,,,,,,,,,,,,,,,,,,,,,,,,,,,,,,,,,,,,,,,,,,,,,,,,,,,,,,,,,,,,,,,,,,,,,,,,,,,,,,,,,,,,
Tue 16 Jun 2020,,,,,,,,,,,,,,,,,,,,,,,,,,,,,,,,,,,,,,,,,,,,,,,,,,,,,,,,,,,,,,,,,,,,,,,,,,,,,,,,,,,,,,,,,,,,,,,,,
Wed 17 Jun 2020,,,,,,,,,,,,,,,,,,,,,,,,,,,,,,,,,,,,,,,,,,,,,,,,,,,,,,,,,,,,,,,,,,,,,,,,,,,,,,,,,,,,,,,,,,,,,,,,,
Thu 18 Jun 2020,,,,,,,,,,,,,,,,,,,,,,,,,,,,,,,,,,,,,,,,,,,,,,,,,,,,,,,,,,,,,,,,,,,,,,,,,,,,,,,,,,,,,,,,,,,,,,,,,
Fri 19 Jun 2020,,,,,,,,,,,,,,,,,,,,,,,,,,,,,,,,,,,,,,,,,,,,,,,,,,,,,,,,,,,,,,,,,,,,,,,,,,,,,,,,,,,,,,,,,,,,,,,,,
Sat 20 Jun 2020,,,,,,,,,,,,,,,,,,,,,,,,,,,,,,,,,,,,,,,,,,,,,,,,,,,,,,,,,,,,,,,,,,,,,,,,,,,,,,,,,,,,,,,,,,,,,,,,,
Sun 21 Jun 2020,,,,,,,,,,,,,,,,,,,,,,,,,,,,,,,,,,,,,,,,,,,,,,,,,,,,,,,,,,,,,,,,,,,,,,,,,,,,,,,,,,,,,,,,,,,,,,,,,
Mon 22 Jun 2020,,,,,,,,,,,,,,,,,,,,,,,,,,,,,,,,,,,,,,,,,,,,,,,,,,,,,,,,,,,,,,,,,,,,,,,,,,,,,,,,,,,,,,,,,,,,,,,,,
Tue 23 Jun 2020,,,,,,,,,,,,,,,,,,,,,,,,,,,,,,,,,,,,,,,,,,,,,,,,,,,,,,,,,,,,,,,,,,,,,,,,,,,,,,,,,,,,,,,,,,,,,,,,,
Wed 24 Jun 2020,,,,,,,,,,,,,,,,,,,,,,,,,,,,,,,,,,,,,,,,,,,,,,,,,,,,,,,,,,,,,,,,,,,,,,,,,,,,,,,,,,,,,,,,,,,,,,,,,
Thu 25 Jun 2020,,,,,,,,,,,,,,,,,,,,,,,,,,,,,,,,,,,,,,,,,,,,,,,,,,,,,,,,,,,,,,,,,,,,,,,,,,,,,,,,,,,,,,,,,,,,,,,,,
Fri 26 Jun 2020,,,,,,,,,,,,,,,,,,,,,,,,,,,,,,,,,,,,,,,,,,,,,,,,,,,,,,,,,,,,,,,,,,,,,,,,,,,,,,,,,,,,,,,,,,,,,,,,,
Sat 27 Jun 2020,,,,,,,,,,,,,,,,,,,,,,,,,,,,,,,,,,,,,,,,,,,,,,,,,,,,,,,,,,,,,,,,,,,,,,,,,,,,,,,,,,,,,,,,,,,,,,,,,
Sun 28 Jun 2020,,,,,,,,,,,,,,,,,,,,,,,,,,,,,,,,,,,,,,,,,,,,,,,,,,,,,,,,,,,,,,,,,,,,,,,,,,,,,,,,,,,,,,,,,,,,,,,,,
Mon 29 Jun 2020,,,,,,,,,,,,,,,,,,,,,,,,,,,,,,,,,,,,,,,,,,,,,,,,,,,,,,,,,,,,,,,,,,,,,,,,,,,,,,,,,,,,,,,,,,,,,,,,,
Tue 30 Jun 2020,,,,,,,,,,,,,,,,,,,,,,,,,,,,,,,,,,,,,,,,,,,,,,,,,,,,,,,,,,,,,,,,,,,,,,,,,,,,,,,,,,,,,,,,,,,,,,,,,
Wed 01 Jul 2020,,,,,,,,,,,,,,,,,,,,,,,,,,,,,,,,,,,,,,,,,,,,,,,,,,,,,,,,,,,,,,,,,,,,,,,,,,,,,,,,,,,,,,,,,,,,,,,,,
Thu 02 Jul 2020,,,,,,,,,,,,,,,,,,,,,,,,,,,,,,,,,,,,,,,,,,,,,,,,,,,,,,,,,,,,,,,,,,,,,,,,,,,,,,,,,,,,,,,,,,,,,,,,,
Fri 03 Jul 2020,,,,,,,,,,,,,,,,,,,,,,,,,,,,,,,,,,,,,,,,,,,,,,,,,,,,,,,,,,,,,,,,,,,,,,,,,,,,,,,,,,,,,,,,,,,,,,,,,
Sat 04 Jul 2020,,,,,,,,,,,,,,,,,,,,,,,,,,,,,,,,,,,,,,,,,,,,,,,,,,,,,,,,,,,,,,,,,,,,,,,,,,,,,,,,,,,,,,,,,,,,,,,,,
Sun 05 Jul 2020,,,,,,,,,,,,,,,,,,,,,,,,,,,,,,,,,,,,,,,,,,,,,,,,,,,,,,,,,,,,,,,,,,,,,,,,,,,,,,,,,,,,,,,,,,,,,,,,,
Mon 06 Jul 2020,,,,,,,,,,,,,,,,,,,,,,,,,,,,,,,,,,,,,,,,,,,,,,,,,,,,,,,,,,,,,,,,,,,,,,,,,,,,,,,,,,,,,,,,,,,,,,,,,
Tue 07 Jul 2020,,,,,,,,,,,,,,,,,,,,,,,,,,,,,,,,,,,,,,,,,,,,,,,,,,,,,,,,,,,,,,,,,,,,,,,,,,,,,,,,,,,,,,,,,,,,,,,,,
Wed 08 Jul 2020,,,,,,,,,,,,,,,,,,,,,,,,,,,,,,,,,,,,,,,,,,,,,,,,,,,,,,,,,,,,,,,,,,,,,,,,,,,,,,,,,,,,,,,,,,,,,,,,,
Thu 09 Jul 2020,,,,,,,,,,,,,,,,,,,,,,,,,,,,,,,,,,,,,,,,,,,,,,,,,,,,,,,,,,,,,,,,,,,,,,,,,,,,,,,,,,,,,,,,,,,,,,,,,
Fri 10 Jul 2020,,,,,,,,,,,,,,,,,,,,,,,,,,,,,,,,,,,,,,,,,,,,,,,,,,,,,,,,,,,,,,,,,,,,,,,,,,,,,,,,,,,,,,,,,,,,,,,,,
Sat 11 Jul 2020,,,,,,,,,,,,,,,,,,,,,,,,,,,,,,,,,,,,,,,,,,,,,,,,,,,,,,,,,,,,,,,,,,,,,,,,,,,,,,,,,,,,,,,,,,,,,,,,,
Sun 12 Jul 2020,,,,,,,,,,,,,,,,,,,,,,,,,,,,,,,,,,,,,,,,,,,,,,,,,,,,,,,,,,,,,,,,,,,,,,,,,,,,,,,,,,,,,,,,,,,,,,,,,
Mon 13 Jul 2020,,,,,,,,,,,,,,,,,,,,,,,,,,,,,,,,,,,,,,,,,,,,,,,,,,,,,,,,,,,,,,,,,,,,,,,,,,,,,,,,,,,,,,,,,,,,,,,,,
Tue 14 Jul 2020,,,,,,,,,,,,,,,,,,,,,,,,,,,,,,,,,,,,,,,,,,,,,,,,,,,,,,,,,,,,,,,,,,,,,,,,,,,,,,,,,,,,,,,,,,,,,,,,,
Wed 15 Jul 2020,,,,,,,,,,,,,,,,,,,,,,,,,,,,,,,,,,,,,,,,,,,,,,,,,,,,,,,,,,,,,,,,,,,,,,,,,,,,,,,,,,,,,,,,,,,,,,,,,
Thu 16 Jul 2020,,,,,,,,,,,,,,,,,,,,,,,,,,,,,,,,,,,,,,,,,,,,,,,,,,,,,,,,,,,,,,,,,,,,,,,,,,,,,,,,,,,,,,,,,,,,,,,,,
Fri 17 Jul 2020,,,,,,,,,,,,,,,,,,,,,,,,,,,,,,,,,,,,,,,,,,,,,,,,,,,,,,,,,,,,,,,,,,,,,,,,,,,,,,,,,,,,,,,,,,,,,,,,,
Sat 18 Jul 2020,,,,,,,,,,,,,,,,,,,,,,,,,,,,,,,,,,,,,,,,,,,,,,,,,,,,,,,,,,,,,,,,,,,,,,,,,,,,,,,,,,,,,,,,,,,,,,,,,
Sun 19 Jul 2020,,,,,,,,,,,,,,,,,,,,,,,,,,,,,,,,,,,,,,,,,,,,,,,,,,,,,,,,,,,,,,,,,,,,,,,,,,,,,,,,,,,,,,,,,,,,,,,,,
Mon 20 Jul 2020,,,,,,,,,,,,,,,,,,,,,,,,,,,,,,,,,,,,,,,,,,,,,,,,,,,,,,,,,,,,,,,,,,,,,,,,,,,,,,,,,,,,,,,,,,,,,,,,,
Tue 21 Jul 2020,,,,,,,,,,,,,,,,,,,,,,,,,,,,,,,,,,,,,,,,,,,,,,,,,,,,,,,,,,,,,,,,,,,,,,,,,,,,,,,,,,,,,,,,,,,,,,,,,
Wed 22 Jul 2020,,,,,,,,,,,,,,,,,,,,,,,,,,,,,,,,,,,,,,,,,,,,,,,,,,,,,,,,,,,,,,,,,,,,,,,,,,,,,,,,,,,,,,,,,,,,,,,,,
Thu 23 Jul 2020,,,,,,,,,,,,,,,,,,,,,,,,,,,,,,,,,,,,,,,,,,,,,,,,,,,,,,,,,,,,,,,,,,,,,,,,,,,,,,,,,,,,,,,,,,,,,,,,,
Fri 24 Jul 2020,,,,,,,,,,,,,,,,,,,,,,,,,,,,,,,,,,,,,,,,,,,,,,,,,,,,,,,,,,,,,,,,,,,,,,,,,,,,,,,,,,,,,,,,,,,,,,,,,
Sat 25 Jul 2020,,,,,,,,,,,,,,,,,,,,,,,,,,,,,,,,,,,,,,,,,,,,,,,,,,,,,,,,,,,,,,,,,,,,,,,,,,,,,,,,,,,,,,,,,,,,,,,,,
Sun 26 Jul 2020,,,,,,,,,,,,,,,,,,,,,,,,,,,,,,,,,,,,,,,,,,,,,,,,,,,,,,,,,,,,,,,,,,,,,,,,,,,,,,,,,,,,,,,,,,,,,,,,,
Mon 27 Jul 2020,,,,,,,,,,,,,,,,,,,,,,,,,,,,,,,,,,,,,,,,,,,,,,,,,,,,,,,,,,,,,,,,,,,,,,,,,,,,,,,,,,,,,,,,,,,,,,,,,
Tue 28 Jul 2020,,,,,,,,,,,,,,,,,,,,,,,,,,,,,,,,,,,,,,,,,,,,,,,,,,,,,,,,,,,,,,,,,,,,,,,,,,,,,,,,,,,,,,,,,,,,,,,,,
Wed 29 Jul 2020,,,,,,,,,,,,,,,,,,,,,,,,,,,,,,,,,,,,,,,,,,,,,,,,,,,,,,,,,,,,,,,,,,,,,,,,,,,,,,,,,,,,,,,,,,,,,,,,,
Thu 30 Jul 2020,,,,,,,,,,,,,,,,,,,,,,,,,,,,,,,,,,,,,,,,,,,,,,,,,,,,,,,,,,,,,,,,,,,,,,,,,,,,,,,,,,,,,,,,,,,,,,,,,
Fri 31 Jul 2020,,,,,,,,,,,,,,,,,,,,,,,,,,,,,,,,,,,,,,,,,,,,,,,,,,,,,,,,,,,,,,,,,,,,,,,,,,,,,,,,,,,,,,,,,,,,,,,,,
Sat 01 Aug 2020,,,,,,,,,,,,,,,,,,,,,,,,,,,,,,,,,,,,,,,,,,,,,,,,,,,,,,,,,,,,,,,,,,,,,,,,,,,,,,,,,,,,,,,,,,,,,,,,,
Sun 02 Aug 2020,,,,,,,,,,,,,,,,,,,,,,,,,,,,,,,,,,,,,,,,,,,,,,,,,,,,,,,,,,,,,,,,,,,,,,,,,,,,,,,,,,,,,,,,,,,,,,,,,
Mon 03 Aug 2020,,,,,,,,,,,,,,,,,,,,,,,,,,,,,,,,,,,,,,,,,,,,,,,,,,,,,,,,,,,,,,,,,,,,,,,,,,,,,,,,,,,,,,,,,,,,,,,,,
Tue 04 Aug 2020,,,,,,,,,,,,,,,,,,,,,,,,,,,,,,,,,,,,,,,,,,,,,,,,,,,,,,,,,,,,,,,,,,,,,,,,,,,,,,,,,,,,,,,,,,,,,,,,,
Wed 05 Aug 2020,,,,,,,,,,,,,,,,,,,,,,,,,,,,,,,,,,,,,,,,,,,,,,,,,,,,,,,,,,,,,,,,,,,,,,,,,,,,,,,,,,,,,,,,,,,,,,,,,
Thu 06 Aug 2020,,,,,,,,,,,,,,,,,,,,,,,,,,,,,,,,,,,,,,,,,,,,,,,,,,,,,,,,,,,,,,,,,,,,,,,,,,,,,,,,,,,,,,,,,,,,,,,,,
Fri 07 Aug 2020,,,,,,,,,,,,,,,,,,,,,,,,,,,,,,,,,,,,,,,,,,,,,,,,,,,,,,,,,,,,,,,,,,,,,,,,,,,,,,,,,,,,,,,,,,,,,,,,,
Sat 08 Aug 2020,,,,,,,,,,,,,,,,,,,,,,,,,,,,,,,,,,,,,,,,,,,,,,,,,,,,,,,,,,,,,,,,,,,,,,,,,,,,,,,,,,,,,,,,,,,,,,,,,
Sun 09 Aug 2020,,,,,,,,,,,,,,,,,,,,,,,,,,,,,,,,,,,,,,,,,,,,,,,,,,,,,,,,,,,,,,,,,,,,,,,,,,,,,,,,,,,,,,,,,,,,,,,,,
Mon 10 Aug 2020,,,,,,,,,,,,,,,,,,,,,,,,,,,,,,,,,,,,,,,,,,,,,,,,,,,,,,,,,,,,,,,,,,,,,,,,,,,,,,,,,,,,,,,,,,,,,,,,,
Tue 11 Aug 2020,,,,,,,,,,,,,,,,,,,,,,,,,,,,,,,,,,,,,,,,,,,,,,,,,,,,,,,,,,,,,,,,,,,,,,,,,,,,,,,,,,,,,,,,,,,,,,,,,
Wed 12 Aug 2020,,,,,,,,,,,,,,,,,,,,,,,,,,,,,,,,,,,,,,,,,,,,,,,,,,,,,,,,,,,,,,,,,,,,,,,,,,,,,,,,,,,,,,,,,,,,,,,,,
Thu 13 Aug 2020,,,,,,,,,,,,,,,,,,,,,,,,,,,,,,,,,,,,,,,,,,,,,,,,,,,,,,,,,,,,,,,,,,,,,,,,,,,,,,,,,,,,,,,,,,,,,,,,,
Fri 14 Aug 2020,,,,,,,,,,,,,,,,,,,,,,,,,,,,,,,,,,,,,,,,,,,,,,,,,,,,,,,,,,,,,,,,,,,,,,,,,,,,,,,,,,,,,,,,,,,,,,,,,
Sat 15 Aug 2020,,,,,,,,,,,,,,,,,,,,,,,,,,,,,,,,,,,,,,,,,,,,,,,,,,,,,,,,,,,,,,,,,,,,,,,,,,,,,,,,,,,,,,,,,,,,,,,,,
Sun 16 Aug 2020,,,,,,,,,,,,,,,,,,,,,,,,,,,,,,,,,,,,,,,,,,,,,,,,,,,,,,,,,,,,,,,,,,,,,,,,,,,,,,,,,,,,,,,,,,,,,,,,,
Mon 17 Aug 2020,,,,,,,,,,,,,,,,,,,,,,,,,,,,,,,,,,,,,,,,,,,,,,,,,,,,,,,,,,,,,,,,,,,,,,,,,,,,,,,,,,,,,,,,,,,,,,,,,
Tue 18 Aug 2020,,,,,,,,,,,,,,,,,,,,,,,,,,,,,,,,,,,,,,,,,,,,,,,,,,,,,,,,,,,,,,,,,,,,,,,,,,,,,,,,,,,,,,,,,,,,,,,,,
Wed 19 Aug 2020,,,,,,,,,,,,,,,,,,,,,,,,,,,,,,,,,,,,,,,,,,,,,,,,,,,,,,,,,,,,,,,,,,,,,,,,,,,,,,,,,,,,,,,,,,,,,,,,,
Thu 20 Aug 2020,,,,,,,,,,,,,,,,,,,,,,,,,,,,,,,,,,,,,,,,,,,,,,,,,,,,,,,,,,,,,,,,,,,,,,,,,,,,,,,,,,,,,,,,,,,,,,,,,
Fri 21 Aug 2020,,,,,,,,,,,,,,,,,,,,,,,,,,,,,,,,,,,,,,,,,,,,,,,,,,,,,,,,,,,,,,,,,,,,,,,,,,,,,,,,,,,,,,,,,,,,,,,,,
Sat 22 Aug 2020,,,,,,,,,,,,,,,,,,,,,,,,,,,,,,,,,,,,,,,,,,,,,,,,,,,,,,,,,,,,,,,,,,,,,,,,,,,,,,,,,,,,,,,,,,,,,,,,,
Sun 23 Aug 2020,,,,,,,,,,,,,,,,,,,,,,,,,,,,,,,,,,,,,,,,,,,,,,,,,,,,,,,,,,,,,,,,,,,,,,,,,,,,,,,,,,,,,,,,,,,,,,,,,
Mon 24 Aug 2020,,,,,,,,,,,,,,,,,,,,,,,,,,,,,,,,,,,,,,,,,,,,,,,,,,,,,,,,,,,,,,,,,,,,,,,,,,,,,,,,,,,,,,,,,,,,,,,,,
Tue 25 Aug 2020,,,,,,,,,,,,,,,,,,,,,,,,,,,,,,,,,,,,,,,,,,,,,,,,,,,,,,,,,,,,,,,,,,,,,,,,,,,,,,,,,,,,,,,,,,,,,,,,,
Wed 26 Aug 2020,,,,,,,,,,,,,,,,,,,,,,,,,,,,,,,,,,,,,,,,,,,,,,,,,,,,,,,,,,,,,,,,,,,,,,,,,,,,,,,,,,,,,,,,,,,,,,,,,
Thu 27 Aug 2020,,,,,,,,,,,,,,,,,,,,,,,,,,,,,,,,,,,,,,,,,,,,,,,,,,,,,,,,,,,,,,,,,,,,,,,,,,,,,,,,,,,,,,,,,,,,,,,,,
Fri 28 Aug 2020,,,,,,,,,,,,,,,,,,,,,,,,,,,,,,,,,,,,,,,,,,,,,,,,,,,,,,,,,,,,,,,,,,,,,,,,,,,,,,,,,,,,,,,,,,,,,,,,,
Sat 29 Aug 2020,,,,,,,,,,,,,,,,,,,,,,,,,,,,,,,,,,,,,,,,,,,,,,,,,,,,,,,,,,,,,,,,,,,,,,,,,,,,,,,,,,,,,,,,,,,,,,,,,
Sun 30 Aug 2020,,,,,,,,,,,,,,,,,,,,,,,,,,,,,,,,,,,,,,,,,,,,,,,,,,,,,,,,,,,,,,,,,,,,,,,,,,,,,,,,,,,,,,,,,,,,,,,,,
Mon 31 Aug 2020,,,,,,,,,,,,,,,,,,,,,,,,,,,,,,,,,,,,,,,,,,,,,,,,,,,,,,,,,,,,,,,,,,,,,,,,,,,,,,,,,,,,,,,,,,,,,,,,,
Tue 01 Sep 2020,,,,,,,,,,,,,,,,,,,,,,,,,,,,,,,,,,,,,,,,,,,,,,,,,,,,,,,,,,,,,,,,,,,,,,,,,,,,,,,,,,,,,,,,,,,,,,,,,
Wed 02 Sep 2020,,,,,,,,,,,,,,,,,,,,,,,,,,,,,,,,,,,,,,,,,,,,,,,,,,,,,,,,,,,,,,,,,,,,,,,,,,,,,,,,,,,,,,,,,,,,,,,,,
Thu 03 Sep 2020,,,,,,,,,,,,,,,,,,,,,,,,,,,,,,,,,,,,,,,,,,,,,,,,,,,,,,,,,,,,,,,,,,,,,,,,,,,,,,,,,,,,,,,,,,,,,,,,,
Fri 04 Sep 2020,,,,,,,,,,,,,,,,,,,,,,,,,,,,,,,,,,,,,,,,,,,,,,,,,,,,,,,,,,,,,,,,,,,,,,,,,,,,,,,,,,,,,,,,,,,,,,,,,
Sat 05 Sep 2020,,,,,,,,,,,,,,,,,,,,,,,,,,,,,,,,,,,,,,,,,,,,,,,,,,,,,,,,,,,,,,,,,,,,,,,,,,,,,,,,,,,,,,,,,,,,,,,,,
Sun 06 Sep 2020,,,,,,,,,,,,,,,,,,,,,,,,,,,,,,,,,,,,,,,,,,,,,,,,,,,,,,,,,,,,,,,,,,,,,,,,,,,,,,,,,,,,,,,,,,,,,,,,,
Mon 07 Sep 2020,,,,,,,,,,,,,,,,,,,,,,,,,,,,,,,,,,,,,,,,,,,,,,,,,,,,,,,,,,,,,,,,,,,,,,,,,,,,,,,,,,,,,,,,,,,,,,,,,
Tue 08 Sep 2020,,,,,,,,,,,,,,,,,,,,,,,,,,,,,,,,,,,,,,,,,,,,,,,,,,,,,,,,,,,,,,,,,,,,,,,,,,,,,,,,,,,,,,,,,,,,,,,,,
Wed 09 Sep 2020,,,,,,,,,,,,,,,,,,,,,,,,,,,,,,,,,,,,,,,,,,,,,,,,,,,,,,,,,,,,,,,,,,,,,,,,,,,,,,,,,,,,,,,,,,,,,,,,,
Thu 10 Sep 2020,,,,,,,,,,,,,,,,,,,,,,,,,,,,,,,,,,,,,,,,,,,,,,,,,,,,,,,,,,,,,,,,,,,,,,,,,,,,,,,,,,,,,,,,,,,,,,,,,
Fri 11 Sep 2020,,,,,,,,,,,,,,,,,,,,,,,,,,,,,,,,,,,,,,,,,,,,,,,,,,,,,,,,,,,,,,,,,,,,,,,,,,,,,,,,,,,,,,,,,,,,,,,,,
Sat 12 Sep 2020,,,,,,,,,,,,,,,,,,,,,,,,,,,,,,,,,,,,,,,,,,,,,,,,,,,,,,,,,,,,,,,,,,,,,,,,,,,,,,,,,,,,,,,,,,,,,,,,,
Sun 13 Sep 2020,,,,,,,,,,,,,,,,,,,,,,,,,,,,,,,,,,,,,,,,,,,,,,,,,,,,,,,,,,,,,,,,,,,,,,,,,,,,,,,,,,,,,,,,,,,,,,,,,
Mon 14 Sep 2020,,,,,,,,,,,,,,,,,,,,,,,,,,,,,,,,,,,,,,,,,,,,,,,,,,,,,,,,,,,,,,,,,,,,,,,,,,,,,,,,,,,,,,,,,,,,,,,,,
Tue 15 Sep 2020,,,,,,,,,,,,,,,,,,,,,,,,,,,,,,,,,,,,,,,,,,,,,,,,,,,,,,,,,,,,,,,,,,,,,,,,,,,,,,,,,,,,,,,,,,,,,,,,,
Wed 16 Sep 2020,,,,,,,,,,,,,,,,,,,,,,,,,,,,,,,,,,,,,,,,,,,,,,,,,,,,,,,,,,,,,,,,,,,,,,,,,,,,,,,,,,,,,,,,,,,,,,,,,
Thu 17 Sep 2020,,,,,,,,,,,,,,,,,,,,,,,,,,,,,,,,,,,,,,,,,,,,,,,,,,,,,,,,,,,,,,,,,,,,,,,,,,,,,,,,,,,,,,,,,,,,,,,,,
Fri 18 Sep 2020,,,,,,,,,,,,,,,,,,,,,,,,,,,,,,,,,,,,,,,,,,,,,,,,,,,,,,,,,,,,,,,,,,,,,,,,,,,,,,,,,,,,,,,,,,,,,,,,,
Sat 19 Sep 2020,,,,,,,,,,,,,,,,,,,,,,,,,,,,,,,,,,,,,,,,,,,,,,,,,,,,,,,,,,,,,,,,,,,,,,,,,,,,,,,,,,,,,,,,,,,,,,,,,
Sun 20 Sep 2020,,,,,,,,,,,,,,,,,,,,,,,,,,,,,,,,,,,,,,,,,,,,,,,,,,,,,,,,,,,,,,,,,,,,,,,,,,,,,,,,,,,,,,,,,,,,,,,,,
Mon 21 Sep 2020,,,,,,,,,,,,,,,,,,,,,,,,,,,,,,,,,,,,,,,,,,,,,,,,,,,,,,,,,,,,,,,,,,,,,,,,,,,,,,,,,,,,,,,,,,,,,,,,,
Tue 22 Sep 2020,,,,,,,,,,,,,,,,,,,,,,,,,,,,,,,,,,,,,,,,,,,,,,,,,,,,,,,,,,,,,,,,,,,,,,,,,,,,,,,,,,,,,,,,,,,,,,,,,
Wed 23 Sep 2020,,,,,,,,,,,,,,,,,,,,,,,,,,,,,,,,,,,,,,,,,,,,,,,,,,,,,,,,,,,,,,,,,,,,,,,,,,,,,,,,,,,,,,,,,,,,,,,,,
Thu 24 Sep 2020,,,,,,,,,,,,,,,,,,,,,,,,,,,,,,,,,,,,,,,,,,,,,,,,,,,,,,,,,,,,,,,,,,,,,,,,,,,,,,,,,,,,,,,,,,,,,,,,,
Fri 25 Sep 2020,,,,,,,,,,,,,,,,,,,,,,,,,,,,,,,,,,,,,,,,,,,,,,,,,,,,,,,,,,,,,,,,,,,,,,,,,,,,,,,,,,,,,,,,,,,,,,,,,
Sat 26 Sep 2020,,,,,,,,,,,,,,,,,,,,,,,,,,,,,,,,,,,,,,,,,,,,,,,,,,,,,,,,,,,,,,,,,,,,,,,,,,,,,,,,,,,,,,,,,,,,,,,,,
Sun 27 Sep 2020,,,,,,,,,,,,,,,,,,,,,,,,,,,,,,,,,,,,,,,,,,,,,,,,,,,,,,,,,,,,,,,,,,,,,,,,,,,,,,,,,,,,,,,,,,,,,,,,,
Mon 28 Sep 2020,,,,,,,,,,,,,,,,,,,,,,,,,,,,,,,,,,,,,,,,,,,,,,,,,,,,,,,,,,,,,,,,,,,,,,,,,,,,,,,,,,,,,,,,,,,,,,,,,
Tue 29 Sep 2020,,,,,,,,,,,,,,,,,,,,,,,,,,,,,,,,,,,,,,,,,,,,,,,,,,,,,,,,,,,,,,,,,,,,,,,,,,,,,,,,,,,,,,,,,,,,,,,,,
Wed 30 Sep 2020,,,,,,,,,,,,,,,,,,,,,,,,,,,,,,,,,,,,,,,,,,,,,,,,,,,,,,,,,,,,,,,,,,,,,,,,,,,,,,,,,,,,,,,,,,,,,,,,,
Thu 01 Oct 2020,,,,,,,,,,,,,,,,,,,,,,,,,,,,,,,,,,,,,,,,,,,,,,,,,,,,,,,,,,,,,,,,,,,,,,,,,,,,,,,,,,,,,,,,,,,,,,,,,
Fri 02 Oct 2020,,,,,,,,,,,,,,,,,,,,,,,,,,,,,,,,,,,,,,,,,,,,,,,,,,,,,,,,,,,,,,,,,,,,,,,,,,,,,,,,,,,,,,,,,,,,,,,,,
Sat 03 Oct 2020,,,,,,,,,,,,,,,,,,,,,,,,,,,,,,,,,,,,,,,,,,,,,,,,,,,,,,,,,,,,,,,,,,,,,,,,,,,,,,,,,,,,,,,,,,,,,,,,,
Sun 04 Oct 2020,,,,,,,,,,,,,,,,,,,,,,,,,,,,,,,,,,,,,,,,,,,,,,,,,,,,,,,,,,,,,,,,,,,,,,,,,,,,,,,,,,,,,,,,,,,,,,,,,
Mon 05 Oct 2020,,,,,,,,,,,,,,,,,,,,,,,,,,,,,,,,,,,,,,,,,,,,,,,,,,,,,,,,,,,,,,,,,,,,,,,,,,,,,,,,,,,,,,,,,,,,,,,,,
Tue 06 Oct 2020,,,,,,,,,,,,,,,,,,,,,,,,,,,,,,,,,,,,,,,,,,,,,,,,,,,,,,,,,,,,,,,,,,,,,,,,,,,,,,,,,,,,,,,,,,,,,,,,,
Wed 07 Oct 2020,,,,,,,,,,,,,,,,,,,,,,,,,,,,,,,,,,,,,,,,,,,,,,,,,,,,,,,,,,,,,,,,,,,,,,,,,,,,,,,,,,,,,,,,,,,,,,,,,
Thu 08 Oct 2020,,,,,,,,,,,,,,,,,,,,,,,,,,,,,,,,,,,,,,,,,,,,,,,,,,,,,,,,,,,,,,,,,,,,,,,,,,,,,,,,,,,,,,,,,,,,,,,,,
Fri 09 Oct 2020,,,,,,,,,,,,,,,,,,,,,,,,,,,,,,,,,,,,,,,,,,,,,,,,,,,,,,,,,,,,,,,,,,,,,,,,,,,,,,,,,,,,,,,,,,,,,,,,,
Sat 10 Oct 2020,,,,,,,,,,,,,,,,,,,,,,,,,,,,,,,,,,,,,,,,,,,,,,,,,,,,,,,,,,,,,,,,,,,,,,,,,,,,,,,,,,,,,,,,,,,,,,,,,
Sun 11 Oct 2020,,,,,,,,,,,,,,,,,,,,,,,,,,,,,,,,,,,,,,,,,,,,,,,,,,,,,,,,,,,,,,,,,,,,,,,,,,,,,,,,,,,,,,,,,,,,,,,,,
Mon 12 Oct 2020,,,,,,,,,,,,,,,,,,,,,,,,,,,,,,,,,,,,,,,,,,,,,,,,,,,,,,,,,,,,,,,,,,,,,,,,,,,,,,,,,,,,,,,,,,,,,,,,,
Tue 13 Oct 2020,,,,,,,,,,,,,,,,,,,,,,,,,,,,,,,,,,,,,,,,,,,,,,,,,,,,,,,,,,,,,,,,,,,,,,,,,,,,,,,,,,,,,,,,,,,,,,,,,
Wed 14 Oct 2020,,,,,,,,,,,,,,,,,,,,,,,,,,,,,,,,,,,,,,,,,,,,,,,,,,,,,,,,,,,,,,,,,,,,,,,,,,,,,,,,,,,,,,,,,,,,,,,,,
Thu 15 Oct 2020,,,,,,,,,,,,,,,,,,,,,,,,,,,,,,,,,,,,,,,,,,,,,,,,,,,,,,,,,,,,,,,,,,,,,,,,,,,,,,,,,,,,,,,,,,,,,,,,,
Fri 16 Oct 2020,,,,,,,,,,,,,,,,,,,,,,,,,,,,,,,,,,,,,,,,,,,,,,,,,,,,,,,,,,,,,,,,,,,,,,,,,,,,,,,,,,,,,,,,,,,,,,,,,
Sat 17 Oct 2020,,,,,,,,,,,,,,,,,,,,,,,,,,,,,,,,,,,,,,,,,,,,,,,,,,,,,,,,,,,,,,,,,,,,,,,,,,,,,,,,,,,,,,,,,,,,,,,,,
Sun 18 Oct 2020,,,,,,,,,,,,,,,,,,,,,,,,,,,,,,,,,,,,,,,,,,,,,,,,,,,,,,,,,,,,,,,,,,,,,,,,,,,,,,,,,,,,,,,,,,,,,,,,,
Mon 19 Oct 2020,,,,,,,,,,,,,,,,,,,,,,,,,,,,,,,,,,,,,,,,,,,,,,,,,,,,,,,,,,,,,,,,,,,,,,,,,,,,,,,,,,,,,,,,,,,,,,,,,
Tue 20 Oct 2020,,,,,,,,,,,,,,,,,,,,,,,,,,,,,,,,,,,,,,,,,,,,,,,,,,,,,,,,,,,,,,,,,,,,,,,,,,,,,,,,,,,,,,,,,,,,,,,,,
Wed 21 Oct 2020,,,,,,,,,,,,,,,,,,,,,,,,,,,,,,,,,,,,,,,,,,,,,,,,,,,,,,,,,,,,,,,,,,,,,,,,,,,,,,,,,,,,,,,,,,,,,,,,,
Thu 22 Oct 2020,,,,,,,,,,,,,,,,,,,,,,,,,,,,,,,,,,,,,,,,,,,,,,,,,,,,,,,,,,,,,,,,,,,,,,,,,,,,,,,,,,,,,,,,,,,,,,,,,
Fri 23 Oct 2020,,,,,,,,,,,,,,,,,,,,,,,,,,,,,,,,,,,,,,,,,,,,,,,,,,,,,,,,,,,,,,,,,,,,,,,,,,,,,,,,,,,,,,,,,,,,,,,,,
Sat 24 Oct 2020,,,,,,,,,,,,,,,,,,,,,,,,,,,,,,,,,,,,,,,,,,,,,,,,,,,,,,,,,,,,,,,,,,,,,,,,,,,,,,,,,,,,,,,,,,,,,,,,,
Sun 25 Oct 2020,,,,,,,,,,,,,,,,,,,,,,,,,,,,,,,,,,,,,,,,,,,,,,,,,,,,,,,,,,,,,,,,,,,,,,,,,,,,,,,,,,,,,,,,,,,,,,,,,
Mon 26 Oct 2020,,,,,,,,,,,,,,,,,,,,,,,,,,,,,,,,,,,,,,,,,,,,,,,,,,,,,,,,,,,,,,,,,,,,,,,,,,,,,,,,,,,,,,,,,,,,,,,,,
Tue 27 Oct 2020,,,,,,,,,,,,,,,,,,,,,,,,,,,,,,,,,,,,,,,,,,,,,,,,,,,,,,,,,,,,,,,,,,,,,,,,,,,,,,,,,,,,,,,,,,,,,,,,,
Wed 28 Oct 2020,,,,,,,,,,,,,,,,,,,,,,,,,,,,,,,,,,,,,,,,,,,,,,,,,,,,,,,,,,,,,,,,,,,,,,,,,,,,,,,,,,,,,,,,,,,,,,,,,
Thu 29 Oct 2020,,,,,,,,,,,,,,,,,,,,,,,,,,,,,,,,,,,,,,,,,,,,,,,,,,,,,,,,,,,,,,,,,,,,,,,,,,,,,,,,,,,,,,,,,,,,,,,,,
Fri 30 Oct 2020,,,,,,,,,,,,,,,,,,,,,,,,,,,,,,,,,,,,,,,,,,,,,,,,,,,,,,,,,,,,,,,,,,,,,,,,,,,,,,,,,,,,,,,,,,,,,,,,,
Sat 31 Oct 2020,,,,,,,,,,,,,,,,,,,,,,,,,,,,,,,,,,,,,,,,,,,,,,,,,,,,,,,,,,,,,,,,,,,,,,,,,,,,,,,,,,,,,,,,,,,,,,,,,
Sun 01 Nov 2020,,,,,,,,,,,,,,,,,,,,,,,,,,,,,,,,,,,,,,,,,,,,,,,,,,,,,,,,,,,,,,,,,,,,,,,,,,,,,,,,,,,,,,,,,,,,,,,,,
Mon 02 Nov 2020,,,,,,,,,,,,,,,,,,,,,,,,,,,,,,,,,,,,,,,,,,,,,,,,,,,,,,,,,,,,,,,,,,,,,,,,,,,,,,,,,,,,,,,,,,,,,,,,,
Tue 03 Nov 2020,,,,,,,,,,,,,,,,,,,,,,,,,,,,,,,,,,,,,,,,,,,,,,,,,,,,,,,,,,,,,,,,,,,,,,,,,,,,,,,,,,,,,,,,,,,,,,,,,
Wed 04 Nov 2020,,,,,,,,,,,,,,,,,,,,,,,,,,,,,,,,,,,,,,,,,,,,,,,,,,,,,,,,,,,,,,,,,,,,,,,,,,,,,,,,,,,,,,,,,,,,,,,,,
Thu 05 Nov 2020,,,,,,,,,,,,,,,,,,,,,,,,,,,,,,,,,,,,,,,,,,,,,,,,,,,,,,,,,,,,,,,,,,,,,,,,,,,,,,,,,,,,,,,,,,,,,,,,,
Fri 06 Nov 2020,,,,,,,,,,,,,,,,,,,,,,,,,,,,,,,,,,,,,,,,,,,,,,,,,,,,,,,,,,,,,,,,,,,,,,,,,,,,,,,,,,,,,,,,,,,,,,,,,
Sat 07 Nov 2020,,,,,,,,,,,,,,,,,,,,,,,,,,,,,,,,,,,,,,,,,,,,,,,,,,,,,,,,,,,,,,,,,,,,,,,,,,,,,,,,,,,,,,,,,,,,,,,,,
Sun 08 Nov 2020,,,,,,,,,,,,,,,,,,,,,,,,,,,,,,,,,,,,,,,,,,,,,,,,,,,,,,,,,,,,,,,,,,,,,,,,,,,,,,,,,,,,,,,,,,,,,,,,,
Mon 09 Nov 2020,,,,,,,,,,,,,,,,,,,,,,,,,,,,,,,,,,,,,,,,,,,,,,,,,,,,,,,,,,,,,,,,,,,,,,,,,,,,,,,,,,,,,,,,,,,,,,,,,
Tue 10 Nov 2020,,,,,,,,,,,,,,,,,,,,,,,,,,,,,,,,,,,,,,,,,,,,,,,,,,,,,,,,,,,,,,,,,,,,,,,,,,,,,,,,,,,,,,,,,,,,,,,,,
Wed 11 Nov 2020,,,,,,,,,,,,,,,,,,,,,,,,,,,,,,,,,,,,,,,,,,,,,,,,,,,,,,,,,,,,,,,,,,,,,,,,,,,,,,,,,,,,,,,,,,,,,,,,,
Thu 12 Nov 2020,,,,,,,,,,,,,,,,,,,,,,,,,,,,,,,,,,,,,,,,,,,,,,,,,,,,,,,,,,,,,,,,,,,,,,,,,,,,,,,,,,,,,,,,,,,,,,,,,
Fri 13 Nov 2020,,,,,,,,,,,,,,,,,,,,,,,,,,,,,,,,,,,,,,,,,,,,,,,,,,,,,,,,,,,,,,,,,,,,,,,,,,,,,,,,,,,,,,,,,,,,,,,,,
Sat 14 Nov 2020,,,,,,,,,,,,,,,,,,,,,,,,,,,,,,,,,,,,,,,,,,,,,,,,,,,,,,,,,,,,,,,,,,,,,,,,,,,,,,,,,,,,,,,,,,,,,,,,,
Sun 15 Nov 2020,,,,,,,,,,,,,,,,,,,,,,,,,,,,,,,,,,,,,,,,,,,,,,,,,,,,,,,,,,,,,,,,,,,,,,,,,,,,,,,,,,,,,,,,,,,,,,,,,
Mon 16 Nov 2020,,,,,,,,,,,,,,,,,,,,,,,,,,,,,,,,,,,,,,,,,,,,,,,,,,,,,,,,,,,,,,,,,,,,,,,,,,,,,,,,,,,,,,,,,,,,,,,,,
Tue 17 Nov 2020,,,,,,,,,,,,,,,,,,,,,,,,,,,,,,,,,,,,,,,,,,,,,,,,,,,,,,,,,,,,,,,,,,,,,,,,,,,,,,,,,,,,,,,,,,,,,,,,,
Wed 18 Nov 2020,,,,,,,,,,,,,,,,,,,,,,,,,,,,,,,,,,,,,,,,,,,,,,,,,,,,,,,,,,,,,,,,,,,,,,,,,,,,,,,,,,,,,,,,,,,,,,,,,
Thu 19 Nov 2020,,,,,,,,,,,,,,,,,,,,,,,,,,,,,,,,,,,,,,,,,,,,,,,,,,,,,,,,,,,,,,,,,,,,,,,,,,,,,,,,,,,,,,,,,,,,,,,,,
Fri 20 Nov 2020,,,,,,,,,,,,,,,,,,,,,,,,,,,,,,,,,,,,,,,,,,,,,,,,,,,,,,,,,,,,,,,,,,,,,,,,,,,,,,,,,,,,,,,,,,,,,,,,,
Sat 21 Nov 2020,,,,,,,,,,,,,,,,,,,,,,,,,,,,,,,,,,,,,,,,,,,,,,,,,,,,,,,,,,,,,,,,,,,,,,,,,,,,,,,,,,,,,,,,,,,,,,,,,
Sun 22 Nov 2020,,,,,,,,,,,,,,,,,,,,,,,,,,,,,,,,,,,,,,,,,,,,,,,,,,,,,,,,,,,,,,,,,,,,,,,,,,,,,,,,,,,,,,,,,,,,,,,,,
Mon 23 Nov 2020,,,,,,,,,,,,,,,,,,,,,,,,,,,,,,,,,,,,,,,,,,,,,,,,,,,,,,,,,,,,,,,,,,,,,,,,,,,,,,,,,,,,,,,,,,,,,,,,,
Tue 24 Nov 2020,,,,,,,,,,,,,,,,,,,,,,,,,,,,,,,,,,,,,,,,,,,,,,,,,,,,,,,,,,,,,,,,,,,,,,,,,,,,,,,,,,,,,,,,,,,,,,,,,
Wed 25 Nov 2020,,,,,,,,,,,,,,,,,,,,,,,,,,,,,,,,,,,,,,,,,,,,,,,,,,,,,,,,,,,,,,,,,,,,,,,,,,,,,,,,,,,,,,,,,,,,,,,,,
Thu 26 Nov 2020,,,,,,,,,,,,,,,,,,,,,,,,,,,,,,,,,,,,,,,,,,,,,,,,,,,,,,,,,,,,,,,,,,,,,,,,,,,,,,,,,,,,,,,,,,,,,,,,,
Fri 27 Nov 2020,,,,,,,,,,,,,,,,,,,,,,,,,,,,,,,,,,,,,,,,,,,,,,,,,,,,,,,,,,,,,,,,,,,,,,,,,,,,,,,,,,,,,,,,,,,,,,,,,
Sat 28 Nov 2020,,,,,,,,,,,,,,,,,,,,,,,,,,,,,,,,,,,,,,,,,,,,,,,,,,,,,,,,,,,,,,,,,,,,,,,,,,,,,,,,,,,,,,,,,,,,,,,,,
Sun 29 Nov 2020,,,,,,,,,,,,,,,,,,,,,,,,,,,,,,,,,,,,,,,,,,,,,,,,,,,,,,,,,,,,,,,,,,,,,,,,,,,,,,,,,,,,,,,,,,,,,,,,,
Mon 30 Nov 2020,,,,,,,,,,,,,,,,,,,,,,,,,,,,,,,,,,,,,,,,,,,,,,,,,,,,,,,,,,,,,,,,,,,,,,,,,,,,,,,,,,,,,,,,,,,,,,,,,
Tue 01 Dec 2020,,,,,,,,,,,,,,,,,,,,,,,,,,,,,,,,,,,,,,,,,,,,,,,,,,,,,,,,,,,,,,,,,,,,,,,,,,,,,,,,,,,,,,,,,,,,,,,,,
Wed 02 Dec 2020,,,,,,,,,,,,,,,,,,,,,,,,,,,,,,,,,,,,,,,,,,,,,,,,,,,,,,,,,,,,,,,,,,,,,,,,,,,,,,,,,,,,,,,,,,,,,,,,,
Thu 03 Dec 2020,,,,,,,,,,,,,,,,,,,,,,,,,,,,,,,,,,,,,,,,,,,,,,,,,,,,,,,,,,,,,,,,,,,,,,,,,,,,,,,,,,,,,,,,,,,,,,,,,
Fri 04 Dec 2020,,,,,,,,,,,,,,,,,,,,,,,,,,,,,,,,,,,,,,,,,,,,,,,,,,,,,,,,,,,,,,,,,,,,,,,,,,,,,,,,,,,,,,,,,,,,,,,,,
Sat 05 Dec 2020,,,,,,,,,,,,,,,,,,,,,,,,,,,,,,,,,,,,,,,,,,,,,,,,,,,,,,,,,,,,,,,,,,,,,,,,,,,,,,,,,,,,,,,,,,,,,,,,,
Sun 06 Dec 2020,,,,,,,,,,,,,,,,,,,,,,,,,,,,,,,,,,,,,,,,,,,,,,,,,,,,,,,,,,,,,,,,,,,,,,,,,,,,,,,,,,,,,,,,,,,,,,,,,
Mon 07 Dec 2020,,,,,,,,,,,,,,,,,,,,,,,,,,,,,,,,,,,,,,,,,,,,,,,,,,,,,,,,,,,,,,,,,,,,,,,,,,,,,,,,,,,,,,,,,,,,,,,,,
Tue 08 Dec 2020,,,,,,,,,,,,,,,,,,,,,,,,,,,,,,,,,,,,,,,,,,,,,,,,,,,,,,,,,,,,,,,,,,,,,,,,,,,,,,,,,,,,,,,,,,,,,,,,,
Wed 09 Dec 2020,,,,,,,,,,,,,,,,,,,,,,,,,,,,,,,,,,,,,,,,,,,,,,,,,,,,,,,,,,,,,,,,,,,,,,,,,,,,,,,,,,,,,,,,,,,,,,,,,
Thu 10 Dec 2020,,,,,,,,,,,,,,,,,,,,,,,,,,,,,,,,,,,,,,,,,,,,,,,,,,,,,,,,,,,,,,,,,,,,,,,,,,,,,,,,,,,,,,,,,,,,,,,,,
Fri 11 Dec 2020,,,,,,,,,,,,,,,,,,,,,,,,,,,,,,,,,,,,,,,,,,,,,,,,,,,,,,,,,,,,,,,,,,,,,,,,,,,,,,,,,,,,,,,,,,,,,,,,,
Sat 12 Dec 2020,,,,,,,,,,,,,,,,,,,,,,,,,,,,,,,,,,,,,,,,,,,,,,,,,,,,,,,,,,,,,,,,,,,,,,,,,,,,,,,,,,,,,,,,,,,,,,,,,
Sun 13 Dec 2020,,,,,,,,,,,,,,,,,,,,,,,,,,,,,,,,,,,,,,,,,,,,,,,,,,,,,,,,,,,,,,,,,,,,,,,,,,,,,,,,,,,,,,,,,,,,,,,,,
Mon 14 Dec 2020,,,,,,,,,,,,,,,,,,,,,,,,,,,,,,,,,,,,,,,,,,,,,,,,,,,,,,,,,,,,,,,,,,,,,,,,,,,,,,,,,,,,,,,,,,,,,,,,,
Tue 15 Dec 2020,,,,,,,,,,,,,,,,,,,,,,,,,,,,,,,,,,,,,,,,,,,,,,,,,,,,,,,,,,,,,,,,,,,,,,,,,,,,,,,,,,,,,,,,,,,,,,,,,
Wed 16 Dec 2020,,,,,,,,,,,,,,,,,,,,,,,,,,,,,,,,,,,,,,,,,,,,,,,,,,,,,,,,,,,,,,,,,,,,,,,,,,,,,,,,,,,,,,,,,,,,,,,,,
Thu 17 Dec 2020,,,,,,,,,,,,,,,,,,,,,,,,,,,,,,,,,,,,,,,,,,,,,,,,,,,,,,,,,,,,,,,,,,,,,,,,,,,,,,,,,,,,,,,,,,,,,,,,,
Fri 18 Dec 2020,,,,,,,,,,,,,,,,,,,,,,,,,,,,,,,,,,,,,,,,,,,,,,,,,,,,,,,,,,,,,,,,,,,,,,,,,,,,,,,,,,,,,,,,,,,,,,,,,
Sat 19 Dec 2020,,,,,,,,,,,,,,,,,,,,,,,,,,,,,,,,,,,,,,,,,,,,,,,,,,,,,,,,,,,,,,,,,,,,,,,,,,,,,,,,,,,,,,,,,,,,,,,,,
Sun 20 Dec 2020,,,,,,,,,,,,,,,,,,,,,,,,,,,,,,,,,,,,,,,,,,,,,,,,,,,,,,,,,,,,,,,,,,,,,,,,,,,,,,,,,,,,,,,,,,,,,,,,,
Mon 21 Dec 2020,,,,,,,,,,,,,,,,,,,,,,,,,,,,,,,,,,,,,,,,,,,,,,,,,,,,,,,,,,,,,,,,,,,,,,,,,,,,,,,,,,,,,,,,,,,,,,,,,
Tue 22 Dec 2020,,,,,,,,,,,,,,,,,,,,,,,,,,,,,,,,,,,,,,,,,,,,,,,,,,,,,,,,,,,,,,,,,,,,,,,,,,,,,,,,,,,,,,,,,,,,,,,,,
Wed 23 Dec 2020,,,,,,,,,,,,,,,,,,,,,,,,,,,,,,,,,,,,,,,,,,,,,,,,,,,,,,,,,,,,,,,,,,,,,,,,,,,,,,,,,,,,,,,,,,,,,,,,,
Thu 24 Dec 2020,,,,,,,,,,,,,,,,,,,,,,,,,,,,,,,,,,,,,,,,,,,,,,,,,,,,,,,,,,,,,,,,,,,,,,,,,,,,,,,,,,,,,,,,,,,,,,,,,
Fri 25 Dec 2020,,,,,,,,,,,,,,,,,,,,,,,,,,,,,,,,,,,,,,,,,,,,,,,,,,,,,,,,,,,,,,,,,,,,,,,,,,,,,,,,,,,,,,,,,,,,,,,,,
Sat 26 Dec 2020,,,,,,,,,,,,,,,,,,,,,,,,,,,,,,,,,,,,,,,,,,,,,,,,,,,,,,,,,,,,,,,,,,,,,,,,,,,,,,,,,,,,,,,,,,,,,,,,,
Sun 27 Dec 2020,,,,,,,,,,,,,,,,,,,,,,,,,,,,,,,,,,,,,,,,,,,,,,,,,,,,,,,,,,,,,,,,,,,,,,,,,,,,,,,,,,,,,,,,,,,,,,,,,
Mon 28 Dec 2020,,,,,,,,,,,,,,,,,,,,,,,,,,,,,,,,,,,,,,,,,,,,,,,,,,,,,,,,,,,,,,,,,,,,,,,,,,,,,,,,,,,,,,,,,,,,,,,,,
Tue 29 Dec 2020,,,,,,,,,,,,,,,,,,,,,,,,,,,,,,,,,,,,,,,,,,,,,,,,,,,,,,,,,,,,,,,,,,,,,,,,,,,,,,,,,,,,,,,,,,,,,,,,,
Wed 30 Dec 2020,,,,,,,,,,,,,,,,,,,,,,,,,,,,,,,,,,,,,,,,,,,,,,,,,,,,,,,,,,,,,,,,,,,,,,,,,,,,,,,,,,,,,,,,,,,,,,,,,
